Timestamp,Milliseconds,X,Y,Z
2022-12-18 16:13:02,1,-0.0010609204,4.916233E-5,-0.057234142
2022-12-18 16:13:02,501,-0.0010609204,-0.05640971,0.25914916
2022-12-18 16:13:03,1002,0.27484232,0.044790212,0.12705638
2022-12-18 16:13:03,1501,0.2684507,-0.072388664,1.0889899
2022-12-18 16:13:04,2001,0.515592,0.9641131,-0.7421989
2022-12-18 16:13:04,2501,0.382434,0.81178033,-1.0617781
2022-12-18 16:13:05,3001,0.67751217,-1.0982381,-0.8924011
2022-12-18 16:13:05,3502,0.48789507,0.43467692,0.44663563
2022-12-18 16:13:06,4001,-0.07030306,-0.48677632,1.0602278
2022-12-18 16:13:06,4501,-0.02662733,1.0269637,-0.81996316
2022-12-18 16:13:07,5001,0.6977521,1.5521389,-0.47907862
2022-12-18 16:13:07,5501,0.69881743,0.341999,0.2793891
2022-12-18 16:13:08,6002,0.13848855,-0.4995596,1.5694239
2022-12-18 16:13:08,6501,0.39521715,1.9675918,-0.84233373
2022-12-18 16:13:09,7001,0.26951602,-2.510778,-0.32141957
2022-12-18 16:13:09,7501,0.92039233,0.16729568,1.1561016
2022-12-18 16:13:10,8001,0.115052775,2.1082067,-1.267374
2022-12-18 16:13:10,8502,0.4080003,-1.9334049,1.1188173
2022-12-18 16:13:11,9001,0.28123397,0.6477298,-0.24472061
2022-12-18 16:13:11,9501,1.3390411,-0.969341,-1.1427381
2022-12-18 16:13:12,10001,-0.23541908,-0.8457703,1.3947206
2022-12-18 16:13:12,10502,0.40054348,1.1015322,-0.8402032
2022-12-18 16:13:13,11001,-0.49853918,-0.6742628,0.13131751
2022-12-18 16:13:13,11501,-0.8351627,0.30791047,0.4935073
2022-12-18 16:13:14,12001,-0.21198316,0.41763264,-0.19891424
2022-12-18 16:13:14,12501,-0.50386566,0.019223936,-0.18293528
2022-12-18 16:13:15,13001,-0.39627382,-0.9853199,-0.3054406
2022-12-18 16:13:15,13501,-0.48362556,-0.24070036,-0.11901946
2022-12-18 16:13:16,14001,-0.40905708,0.30364946,-0.17334796
2022-12-18 16:13:16,14502,-0.2727033,-0.5080816,0.022660503
2022-12-18 16:13:17,15001,0.5496804,0.47622216,-0.6569779
2022-12-18 16:13:17,15501,0.19920856,0.5081802,-0.009297276
2022-12-18 16:13:18,16001,0.24821074,0.14705558,-0.64419466
2022-12-18 16:13:18,16501,0.38349932,-0.06173603,-0.5824093
2022-12-18 16:13:19,17002,0.7350365,0.062899806,-0.33952904
2022-12-18 16:13:19,17501,-0.054324105,-0.60928166,-0.36296493
2022-12-18 16:13:20,18001,-0.62210995,-0.18530667,0.076989
2022-12-18 16:13:20,18501,-0.15232848,0.56783503,0.3198693
2022-12-18 16:13:21,19001,-0.40373078,-0.09475912,-0.046581507
2022-12-18 16:13:21,19502,0.5411584,-0.06706235,0.22612593
2022-12-18 16:13:22,20001,-0.9427544,0.43041593,0.004551046
2022-12-18 16:13:22,20501,0.56885517,0.18114413,0.090837464
2022-12-18 16:13:23,21001,0.07883373,-0.022321297,-0.024210915
2022-12-18 16:13:23,21501,0.11931378,-0.04575707,0.03331314
2022-12-18 16:13:24,22002,0.12996641,0.50178856,0.22612593
2022-12-18 16:13:24,22501,0.3728467,-0.5208647,-0.1520427
2022-12-18 16:13:25,23001,0.35686773,0.023484938,0.076989
2022-12-18 16:13:25,23501,0.06072427,0.289801,0.057814233
2022-12-18 16:13:26,24001,-0.042606287,-0.23217823,0.14836165
2022-12-18 16:13:26,24502,0.4367625,-0.3355089,0.30602083
2022-12-18 16:13:27,25001,-0.085216835,-0.13630448,0.41680822
2022-12-18 16:13:27,25501,-0.42184022,0.04585553,0.004551046
2022-12-18 16:13:28,26001,0.16405483,0.116162986,-0.04018987
2022-12-18 16:13:28,26501,0.18216428,0.0671608,0.68631995
2022-12-18 16:13:29,27001,0.15766332,0.20351459,0.27406293
2022-12-18 16:13:29,27501,0.47191626,0.17794831,0.31560817
2022-12-18 16:13:30,28001,-0.011713558,-0.26307094,0.77047586
2022-12-18 16:13:30,28501,-0.14700216,0.94067746,-0.536603
2022-12-18 16:13:31,29001,0.1832296,0.3238894,-0.45031655
2022-12-18 16:13:31,29502,0.27590764,-0.14908762,-0.44499022
2022-12-18 16:13:32,30001,0.7542111,0.3771526,-0.9062496
2022-12-18 16:13:32,30501,0.47191626,-0.15867507,-0.20211007
2022-12-18 16:13:33,31001,0.40693513,0.28554,-0.4375334
2022-12-18 16:13:33,31502,0.6380973,0.1523819,-0.21915421
2022-12-18 16:13:34,32001,-0.43249285,-0.79996395,0.5797936
2022-12-18 16:13:34,32501,-0.22157061,1.0514648,0.49883363
2022-12-18 16:13:35,33001,0.06072427,-0.031908616,-0.936077
2022-12-18 16:13:35,33501,-0.590152,-0.9277956,0.2708671
2022-12-18 16:13:36,34002,-0.7542026,0.2024494,0.31773865
2022-12-18 16:13:36,34501,-0.46018976,0.8107152,0.14516596
2022-12-18 16:13:37,35001,0.61040056,-0.3365741,-0.18932693
2022-12-18 16:13:37,35501,-0.29826957,-0.2247214,-0.12967211
2022-12-18 16:13:38,36002,0.55500674,0.2312115,0.18351538
2022-12-18 16:13:38,36501,0.096943185,-0.2609403,-0.17760897
2022-12-18 16:13:39,37001,0.26312438,1.5851622,-0.12434579
2022-12-18 16:13:39,37501,0.16831596,-1.7256784,0.13877434
2022-12-18 16:13:40,38001,-0.08202102,1.709798,0.04077009
2022-12-18 16:13:40,38502,-0.39733914,-0.9000988,-0.029537233
2022-12-18 16:13:41,39001,0.7478195,0.34626,0.05355323
2022-12-18 16:13:41,39501,-0.45805913,0.6221634,0.067401685
2022-12-18 16:13:42,40001,-0.73396266,0.029876573,0.14090483
2022-12-18 16:13:42,40501,0.42504457,-0.74457026,-0.23193747
2022-12-18 16:13:43,41001,0.5177225,0.13853344,0.10042478
2022-12-18 16:13:43,41502,-0.10758729,-0.20341612,-0.13499843
2022-12-18 16:13:44,42001,0.13422754,-0.24389617,-0.2106322
2022-12-18 16:13:44,42501,-0.40479594,-0.028712798,-0.08280042
2022-12-18 16:13:45,43002,0.56352884,0.16090403,0.032247957
2022-12-18 16:13:45,43501,0.2982781,-0.5602796,-0.15310788
2022-12-18 16:13:46,44001,0.30253923,-0.57625854,-0.08493105
2022-12-18 16:13:46,44501,-0.060715742,0.66264343,0.019464685
2022-12-18 16:13:47,45002,0.05859377,-0.6124775,0.080184825
2022-12-18 16:13:47,45501,-0.22476643,-0.06493185,0.03863946
2022-12-18 16:13:48,46001,-0.44421083,-0.1395003,0.03331314
2022-12-18 16:13:48,46502,0.19388224,0.13533776,0.12386069
2022-12-18 16:13:49,47001,0.082029544,-0.01592966,0.18564588
2022-12-18 16:13:49,47501,0.11185695,-0.48784164,0.19416802
2022-12-18 16:13:50,48001,0.23116647,0.06609549,0.71082103
2022-12-18 16:13:50,48502,-0.0010609204,-0.118195035,0.4668757
2022-12-18 16:13:51,49001,0.24288441,0.094857715,0.53718305
2022-12-18 16:13:51,49501,0.51239616,-0.558149,0.7321265
2022-12-18 16:13:52,50001,0.7211879,0.84160775,0.5851199
2022-12-18 16:13:52,50502,-0.02662733,1.1015322,-1.0894749
2022-12-18 16:13:53,51001,0.23223178,-1.3230087,0.23571338
2022-12-18 16:13:53,51501,0.31532237,-0.30887732,0.78538966
2022-12-18 16:13:54,52002,-0.13741471,0.4783528,0.7193432
2022-12-18 16:13:54,52501,0.105465315,0.85971737,-0.5099714
2022-12-18 16:13:55,53001,-0.5794994,-0.26413614,0.32306498
2022-12-18 16:13:55,53501,-0.56565094,0.29938832,-0.9882749
2022-12-18 16:13:56,54002,0.22157915,-0.6945028,0.49670312
2022-12-18 16:13:56,54501,0.2396886,2.0794444,-0.35124698
2022-12-18 16:13:57,55001,0.58270365,0.30364946,-0.3832049
2022-12-18 16:13:57,55501,0.8500849,-0.05854021,0.65116626
2022-12-18 16:13:58,56001,0.2332971,-0.06812753,-0.90092325
2022-12-18 16:13:58,56501,0.5624635,-1.4337962,0.10894692
2022-12-18 16:13:59,57002,-0.78403,0.56996536,-0.14352056
2022-12-18 16:13:59,57501,0.6924258,-0.5719974,0.19523333
2022-12-18 16:14:00,58001,-0.3302275,0.2557126,-0.12434579
2022-12-18 16:14:00,58501,0.011722084,-0.085171804,0.023725819
2022-12-18 16:14:01,59001,0.32490984,0.5795528,0.14836165
2022-12-18 16:14:01,59502,-0.42503604,-0.66361016,-0.12967211
2022-12-18 16:14:02,60001,-0.08202102,1.0258985,0.22932175
2022-12-18 16:14:02,60501,0.5603332,0.19286194,-0.0018404564
2022-12-18 16:14:03,61001,0.19175173,-0.7221997,-0.31502807
2022-12-18 16:14:03,61501,-0.55712885,-0.20980777,0.034378458
2022-12-18 16:14:04,62002,-0.17789476,0.5337465,0.14090483
2022-12-18 16:14:04,62501,-0.1331537,-0.23643936,-0.16376051
2022-12-18 16:14:05,63001,0.30893075,-0.29183304,-0.07001728
2022-12-18 16:14:05,63501,-0.18428639,0.07355244,-0.19358793
2022-12-18 16:14:06,64001,0.014917903,-0.16826239,0.08551114
2022-12-18 16:14:06,64502,0.041549496,-0.034039117,-0.22661115
2022-12-18 16:14:07,65001,0.009591583,-0.057474893,0.13238269
2022-12-18 16:14:07,65501,1.265538,0.032007076,0.3496967
2022-12-18 16:14:08,66001,0.5305056,0.24399464,0.6117515
2022-12-18 16:14:08,66502,0.6008131,0.3089758,-0.3533775
2022-12-18 16:14:09,67001,-0.23541908,-0.30461618,-0.11795415
2022-12-18 16:14:09,67501,0.036223177,0.10444503,0.0791195
2022-12-18 16:14:10,68001,-0.14061052,-0.119260214,0.114273235
2022-12-18 16:14:10,68502,0.23116647,-0.43670896,-1.0596474
2022-12-18 16:14:11,69001,0.18003377,-0.09369394,-0.17015216
2022-12-18 16:14:11,69501,0.15766332,-0.063866526,0.19736384
2022-12-18 16:14:12,70001,0.5134615,1.0663785,-0.112627834
2022-12-18 16:14:12,70502,0.3270402,0.49859273,-0.43114176
2022-12-18 16:14:13,71001,0.59761727,0.36756527,0.055683732
2022-12-18 16:14:13,71501,0.39202133,0.43680742,0.18245019
2022-12-18 16:14:14,72001,-0.17363375,-0.63378274,-0.29478797
2022-12-18 16:14:14,72502,0.08948636,0.16836086,-0.09451837
2022-12-18 16:14:15,73001,0.08309486,0.6168372,0.17392805
2022-12-18 16:14:15,73501,-0.14806734,-0.36959732,-0.015688779
2022-12-18 16:14:16,74001,0.6711205,0.8330858,-0.3544428
2022-12-18 16:14:16,74501,-0.20772216,-1.0588232,-0.18719628
2022-12-18 16:14:17,75002,-0.5912172,0.69034034,0.124925874
2022-12-18 16:14:17,75501,-0.5209098,-0.48038483,0.022660503
2022-12-18 16:14:18,76001,0.32384452,0.49326643,0.27832392
2022-12-18 16:14:18,76501,-0.36112022,-0.61780393,0.018399501
2022-12-18 16:14:19,77002,0.30466974,-0.6966334,0.30708602
2022-12-18 16:14:19,77501,-0.019170377,-0.18637186,0.6405137
2022-12-18 16:14:20,78001,0.24501492,0.37608743,0.6117515
2022-12-18 16:14:20,78501,-0.14806734,-0.1096729,-0.18293528
2022-12-18 16:14:21,79002,-0.4474065,-0.55175745,0.44663563
2022-12-18 16:14:21,79501,0.07457273,1.0099196,0.4860505
2022-12-18 16:14:22,80001,0.25566757,0.18966614,-1.0426034
2022-12-18 16:14:22,80501,-0.109717794,-1.1834592,0.8024338
2022-12-18 16:14:23,81001,0.9321103,-0.13630448,1.1326656
2022-12-18 16:14:23,81501,0.50813514,2.0091372,-0.75285167
2022-12-18 16:14:24,82001,-0.17789476,-2.2977254,0.41893873
2022-12-18 16:14:24,82501,-0.39840445,0.0107018,0.7321265
2022-12-18 16:14:25,83001,-0.51451826,-0.16506658,-0.6644346
2022-12-18 16:14:25,83501,-0.7573984,-0.416469,-0.19571842
2022-12-18 16:14:26,84001,-0.4687119,-0.3344436,0.25808397
2022-12-18 16:14:26,84501,0.0671159,-0.48464584,-0.11049733
2022-12-18 16:14:27,85001,0.005330582,1.3625219,-0.19678375
2022-12-18 16:14:27,85501,-0.17896007,0.9012626,-0.12860678
2022-12-18 16:14:28,86001,0.93530595,-0.56986696,-0.5813441
2022-12-18 16:14:28,86502,-0.40479594,0.33454207,-0.15949951
2022-12-18 16:14:29,87001,0.37817302,-0.14163081,-0.39811867
2022-12-18 16:14:29,87501,0.89695656,-0.59543324,0.02585632
2022-12-18 16:14:30,88001,-0.38881698,-0.71474284,-0.022080414
2022-12-18 16:14:30,88502,0.45274147,-0.5570838,0.67566735
2022-12-18 16:14:31,89001,0.33556235,-0.118195035,0.13557851
2022-12-18 16:14:31,89501,0.42504457,0.032007076,0.14942697
2022-12-18 16:14:32,90001,0.038353678,0.14279458,-0.14778157
2022-12-18 16:14:32,90502,-0.1310232,-0.020190662,0.23464806
2022-12-18 16:14:33,91001,0.17151177,0.18327463,0.1600796
2022-12-18 16:14:33,91501,0.103334814,-0.1139339,0.25914916
2022-12-18 16:14:34,92001,0.2929518,0.049051348,0.28684607
2022-12-18 16:14:34,92502,-0.028757831,0.38354424,-0.024210915
2022-12-18 16:14:35,93001,-0.05858524,4.916233E-5,-0.18186997
2022-12-18 16:14:35,93501,0.2716465,-0.6423049,-0.24898161
2022-12-18 16:14:36,94001,0.5869648,-0.33763942,-0.0029056403
2022-12-18 16:14:36,94501,-0.5102571,0.03626821,-0.0753436
2022-12-18 16:14:37,95001,-0.23115794,0.576357,0.042900592
2022-12-18 16:14:37,95502,-0.41012228,-0.2534835,-0.16589102
2022-12-18 16:14:38,96001,0.25779805,-0.42073,-0.05510364
2022-12-18 16:14:38,96501,-0.19280852,-0.6817196,0.3049555
2022-12-18 16:14:39,97001,0.019178905,-0.22152558,0.34223977
2022-12-18 16:14:39,97502,0.24714555,-0.37279314,1.0538362
2022-12-18 16:14:40,98001,0.14914118,0.25890827,0.28258494
2022-12-18 16:14:40,98501,0.07776854,-0.1640014,0.8993728
2022-12-18 16:14:41,99001,0.38030353,0.27275673,0.27619344
2022-12-18 16:14:41,99501,0.069246404,0.12468512,0.30069453
2022-12-18 16:14:42,100001,-0.21304849,0.2919315,0.42639565
2022-12-18 16:14:42,100501,0.028766356,0.30791047,0.029052138
2022-12-18 16:14:43,101002,-0.04899779,0.519898,-0.14884688
2022-12-18 16:14:43,101501,-0.3653812,0.519898,-0.40344498
2022-12-18 16:14:44,102001,-0.4729729,-0.4494921,-0.10623633
2022-12-18 16:14:44,102501,0.31106123,-0.8596188,0.29323772
2022-12-18 16:14:45,103002,-0.2162443,-0.10541176,0.30282503
2022-12-18 16:14:45,103501,0.6860343,0.576357,0.012007865
2022-12-18 16:14:46,104001,-0.014909375,-0.087302305,-0.26283008
2022-12-18 16:14:46,104501,-0.5230403,-0.60715115,-0.12967211
2022-12-18 16:14:47,105001,0.46872044,0.23973364,-0.12541097
2022-12-18 16:14:47,105502,-0.28548643,-0.7094165,0.067401685
2022-12-18 16:14:48,106001,-0.14380634,0.24505995,0.31028184
2022-12-18 16:14:48,106501,0.2588634,0.7894099,0.067401685
2022-12-18 16:14:49,107001,-0.15871997,1.2613219,0.006681547
2022-12-18 16:14:49,107502,-0.39520863,0.29299682,-0.09664887
2022-12-18 16:14:50,108001,-0.15552416,-1.5648237,-0.1360636
2022-12-18 16:14:50,108501,0.18855591,0.3089758,0.6362526
2022-12-18 16:14:51,109001,0.4846994,0.91085005,0.43065667
2022-12-18 16:14:51,109501,-0.5475414,-0.13843499,-0.4375334
2022-12-18 16:14:52,110001,-0.7382237,0.4261548,0.07059737
2022-12-18 16:14:52,110501,-0.4197097,-0.51660377,-0.03486355
2022-12-18 16:14:53,111001,-0.03834515,0.5795528,0.17925438
2022-12-18 16:14:53,111501,-0.5763035,-0.92140406,0.1579491
2022-12-18 16:14:54,112001,0.23010129,0.45065588,-0.19571842
2022-12-18 16:14:54,112502,0.22477496,-0.09688976,0.1600796
2022-12-18 16:14:55,113001,-0.11504424,-0.20874245,0.07379319
2022-12-18 16:14:55,113501,0.6956216,0.10124922,-0.1360636
2022-12-18 16:14:56,114001,-0.1683073,-0.0830413,0.1302522
2022-12-18 16:14:56,114502,-0.3035959,-0.031908616,-0.1541732
2022-12-18 16:14:57,115001,0.44634983,0.41763264,-0.057234142
2022-12-18 16:14:57,115501,-0.20452635,0.04265971,-0.73367685
2022-12-18 16:14:58,116001,0.017048404,-1.4327309,0.3166735
2022-12-18 16:14:58,116501,0.6274447,0.57316136,0.41041672
2022-12-18 16:14:59,117002,0.56352884,0.3430642,-0.6559126
2022-12-18 16:14:59,117501,0.42184874,-0.55175745,0.5851199
2022-12-18 16:15:00,118001,-0.38136017,0.77769196,0.53824836
2022-12-18 16:15:00,118501,0.35686773,-0.10328126,-0.017819412
2022-12-18 16:15:01,119002,0.15340218,-0.074519165,-0.15097737
2022-12-18 16:15:01,119501,0.44954565,0.5348118,0.103620596
2022-12-18 16:15:02,120001,-0.4676466,-0.49742898,0.1600796
2022-12-18 16:15:02,120501,0.9821777,0.15877354,-0.07960474
2022-12-18 16:15:03,121001,-0.035149332,-0.9032945,-0.33846384
2022-12-18 16:15:03,121502,0.45380667,0.012832301,0.017334184
2022-12-18 16:15:04,122001,0.4910909,-0.24389617,0.12386069
2022-12-18 16:15:04,122501,-0.5486067,0.03626821,-0.16482583
2022-12-18 16:15:05,123001,-0.6988089,-0.48145002,0.026921637
2022-12-18 16:15:05,123501,-0.074564196,-0.64976174,-0.078539416
2022-12-18 16:15:06,124002,0.41226143,1.0141804,-0.11901946
2022-12-18 16:15:06,124501,-0.0788252,0.6583824,0.035443775
2022-12-18 16:15:07,125001,-0.035149332,-0.35042256,-0.13393311
2022-12-18 16:15:07,125501,-0.50919193,-0.3056815,-0.061495144
2022-12-18 16:15:08,126002,-0.061780926,-0.18104553,0.059944734
2022-12-18 16:15:08,126501,0.29934344,-0.38344577,0.20588598
2022-12-18 16:15:09,127001,0.14914118,0.03307239,0.18138488
2022-12-18 16:15:09,127501,0.18749073,-0.36746684,0.8269349
2022-12-18 16:15:10,128001,0.78829956,0.95132995,0.5222694
2022-12-18 16:15:10,128502,0.17470746,1.3113892,-0.62715036
2022-12-18 16:15:11,129001,0.2961476,0.30577996,-0.6367378
2022-12-18 16:15:11,129501,1.0620724,-0.16826239,-0.36935645
2022-12-18 16:15:12,130001,0.2673855,-0.34616154,-0.3874659
2022-12-18 16:15:12,130501,-0.23435375,-0.8457703,-0.45031655
2022-12-18 16:15:13,131001,-0.060715742,-0.89477247,0.63199157
2022-12-18 16:15:13,131501,0.117183276,0.24612513,0.8727412
2022-12-18 16:15:14,132001,0.24288441,1.0493342,-0.23193747
2022-12-18 16:15:14,132502,0.3771077,0.8820878,-0.078539416
2022-12-18 16:15:15,133001,-0.445276,-0.29289836,0.006681547
2022-12-18 16:15:15,133501,0.051136814,0.05331235,-0.26815638
2022-12-18 16:15:16,134001,0.07457273,0.3164326,-0.44818604
2022-12-18 16:15:16,134502,0.24501492,0.11935881,-0.7571126
2022-12-18 16:15:17,135001,0.52837515,0.059703983,-0.9616434
2022-12-18 16:15:17,135501,0.4367625,0.23653781,-1.0500602
2022-12-18 16:15:18,136001,0.94915444,0.12042399,-1.0788224
2022-12-18 16:15:18,136502,0.5230488,-0.2790499,-1.0457991
2022-12-18 16:15:19,137001,0.75740695,0.25145146,-1.2439381
2022-12-18 16:15:19,137501,0.55287623,-0.27159294,-0.4982534
2022-12-18 16:15:20,138001,0.42291406,-0.28331092,-0.6569779
2022-12-18 16:15:20,138501,0.19494756,-0.5464312,-0.8508559
2022-12-18 16:15:21,139002,0.27697283,-0.46440586,0.10681642
2022-12-18 16:15:21,139501,0.25140655,0.2354725,0.4072209
2022-12-18 16:15:22,140001,-0.37177286,-0.13736981,0.28471556
2022-12-18 16:15:22,140501,-0.25352854,-0.28224573,0.17925438
2022-12-18 16:15:23,141001,0.53796256,-0.6114123,0.7896507
2022-12-18 16:15:23,141502,-0.024496695,-0.5709321,0.8322612
2022-12-18 16:15:24,142001,0.64981526,1.6970147,-0.59625775
2022-12-18 16:15:24,142501,-0.06817256,0.172622,-1.0948012
2022-12-18 16:15:25,143001,0.3771077,-0.2865067,-0.57388717
2022-12-18 16:15:25,143501,-0.4474065,-1.0854548,-0.56962615
2022-12-18 16:15:26,144002,-0.45379815,-0.40475106,-0.29478797
2022-12-18 16:15:26,144501,-0.69241726,-1.1557622,-0.074278414
2022-12-18 16:15:27,145001,0.24714555,-0.93844825,-0.20637107
2022-12-18 16:15:27,145501,-0.6061309,-0.9842546,-0.054038327
2022-12-18 16:15:28,146001,0.52624464,0.10870617,0.7438443
2022-12-18 16:15:28,146501,0.9406323,0.89593625,-0.98081815
2022-12-18 16:15:29,147002,0.043679997,-1.2463096,-1.0926708
2022-12-18 16:15:29,147501,-0.31531385,-0.62099963,0.5286609
2022-12-18 16:15:30,148001,-0.029823015,0.30577996,0.48178935
2022-12-18 16:15:30,148501,0.12037909,-0.6252606,-0.39066172
2022-12-18 16:15:31,149002,-0.9246448,0.20777573,-0.98081815
2022-12-18 16:15:31,149501,0.2588634,-0.32698676,0.6021642
2022-12-18 16:15:32,150001,0.3813687,0.7702351,-0.12967211
2022-12-18 16:15:32,150501,-0.03621465,0.36543477,0.1888417
2022-12-18 16:15:33,151001,-0.48256022,-0.6252606,-0.2372638
2022-12-18 16:15:33,151502,0.6029436,0.25677776,0.05674905
2022-12-18 16:15:34,152001,-0.12995788,0.16836086,0.037574276
2022-12-18 16:15:34,152501,0.2940171,-0.4441658,-0.08812674
2022-12-18 16:15:35,153001,0.07670323,0.28554,0.250627
2022-12-18 16:15:35,153501,0.6423584,-0.07558448,0.21121229
2022-12-18 16:15:36,154002,0.41226143,0.25251678,-0.2990491
2022-12-18 16:15:36,154501,0.13422754,0.096988216,0.47113672
2022-12-18 16:15:37,155001,-0.024496695,0.20990622,0.010942682
2022-12-18 16:15:37,155501,0.49428672,-0.07132335,-0.14139006
2022-12-18 16:15:38,156001,-0.7105269,-0.2769194,0.067401685
2022-12-18 16:15:38,156502,0.22690547,-0.14163081,-0.17547847
2022-12-18 16:15:39,157001,-0.51664877,-0.7871808,0.23038706
2022-12-18 16:15:39,157501,-0.41225278,0.10231453,-0.06362578
2022-12-18 16:15:40,158001,-0.37496868,0.5752918,0.11001223
2022-12-18 16:15:40,158502,-0.14061052,-0.19063298,-0.0689521
2022-12-18 16:15:41,159001,-0.31744435,-0.43351313,0.30282503
2022-12-18 16:15:41,159501,0.18003377,0.16409986,0.004551046
2022-12-18 16:15:42,160001,0.09268218,0.27488735,-0.69639254
2022-12-18 16:15:42,160501,-0.20346102,-0.9171431,1.3425229
2022-12-18 16:15:43,161002,-0.1864169,-0.37385833,0.16540591
2022-12-18 16:15:43,161501,0.8607375,-0.10221607,0.7236043
2022-12-18 16:15:44,162001,-0.1938737,-0.106477074,0.82267386
2022-12-18 16:15:44,162501,-0.8681858,0.42295897,-0.06788678
2022-12-18 16:15:45,163002,-0.3568591,0.5955318,-0.78694004
2022-12-18 16:15:45,163501,0.49961302,-0.6987639,0.6256
2022-12-18 16:15:46,164001,-0.2695075,0.029876573,0.8812634
2022-12-18 16:15:46,164501,0.802148,-0.31952995,-0.0689521
2022-12-18 16:15:47,165002,-0.6604594,0.022419754,0.6437094
2022-12-18 16:15:47,165501,-0.4484718,1.0099196,-0.09664887
2022-12-18 16:15:48,166001,0.03302736,1.0450732,0.3496967
2022-12-18 16:15:48,166501,-0.5773688,1.5116589,-0.17973948
2022-12-18 16:15:49,167001,0.28762546,0.5497254,-0.2926575
2022-12-18 16:15:49,167502,-0.19706953,-0.12671717,-0.13819423
2022-12-18 16:15:50,168001,0.15340218,0.3515863,-0.13499843
2022-12-18 16:15:50,168501,0.48150358,-0.61780393,0.5787284
2022-12-18 16:15:51,169001,-0.03941047,0.057573482,0.14090483
2022-12-18 16:15:51,169502,-0.20346102,-0.22578672,0.20908178
2022-12-18 16:15:52,170001,-0.28016013,0.35691264,0.13131751
2022-12-18 16:15:52,170501,1.4008265,-0.312073,0.10255528
2022-12-18 16:15:53,171001,0.20453487,0.32921574,-0.24898161
2022-12-18 16:15:53,171501,0.1267706,-0.19169818,-0.3618996
2022-12-18 16:15:54,172002,0.6157268,-0.4175342,0.04077009
2022-12-18 16:15:54,172501,0.009591583,-0.12458653,0.23997438
2022-12-18 16:15:55,173001,0.42078358,-0.24176568,0.2996292
2022-12-18 16:15:55,173501,-0.064976744,-0.07558448,0.359284
2022-12-18 16:15:56,174001,0.3739119,-0.031908616,0.76834536
2022-12-18 16:15:56,174502,-0.10865261,0.49859273,0.50629044
2022-12-18 16:15:57,175001,0.1789686,-0.072388664,0.21227747
2022-12-18 16:15:57,175501,0.38776034,-0.19915512,1.6269482
2022-12-18 16:15:58,176001,0.3483456,0.531616,-0.5099714
2022-12-18 16:15:58,176501,0.10120432,-0.42925215,-0.14991206
2022-12-18 16:15:59,177002,0.394152,0.3121716,-0.26069957
2022-12-18 16:15:59,177501,0.46126363,0.13533776,-0.033798367
2022-12-18 16:16:00,178001,0.14274955,-0.5847806,0.31241235
2022-12-18 16:16:00,178501,0.2673855,-0.1118034,0.16114493
2022-12-18 16:16:01,179002,0.06072427,0.095922895,0.067401685
2022-12-18 16:16:01,179501,-0.061780926,-0.27478877,-0.1360636
2022-12-18 16:16:02,180001,0.59335625,0.72549397,-0.039124686
2022-12-18 16:16:02,180501,-0.0031914213,0.9364163,0.09722897
2022-12-18 16:16:03,181001,0.36538973,-0.7104818,-0.2713522
2022-12-18 16:16:03,181502,-0.32596648,-0.61780393,-0.101975195
2022-12-18 16:16:04,182001,0.2641897,0.2631694,0.05355323
2022-12-18 16:16:04,182501,-0.53795403,0.084205076,-0.13286792
2022-12-18 16:16:05,183001,0.37178138,-0.11499921,0.080184825
2022-12-18 16:16:05,183501,-0.6029352,0.14172927,-0.091322556
2022-12-18 16:16:06,184001,0.16512014,0.041594528,0.11320792
2022-12-18 16:16:06,184501,-0.53901935,-0.3419004,-0.37468275
2022-12-18 16:16:07,185002,0.05752845,-0.28970253,0.1057511
2022-12-18 16:16:07,185501,0.4889604,0.28021368,0.035443775
2022-12-18 16:16:08,186001,-0.14806734,-0.07771498,0.4050904
2022-12-18 16:16:08,186501,-0.067107245,1.1856881,0.15049228
2022-12-18 16:16:09,187001,0.056463134,0.87037,-0.23939429
2022-12-18 16:16:09,187501,0.09055168,-1.1472402,-0.53553766
2022-12-18 16:16:10,188002,-0.18109056,-0.15760976,0.9228086
2022-12-18 16:16:10,188501,0.08522536,1.4285682,-0.6058451
2022-12-18 16:16:11,189001,0.28123397,-1.1078253,-0.48760077
2022-12-18 16:16:11,189501,0.2354276,-0.30142036,0.41893873
2022-12-18 16:16:12,190001,0.13209692,0.6498603,-0.1360636
2022-12-18 16:16:12,190502,0.40480447,-0.19276349,-0.37681338
2022-12-18 16:16:13,191001,-0.15552416,-0.3887721,0.22932175
2022-12-18 16:16:13,191501,0.049006313,-0.23111305,0.124925874
2022-12-18 16:16:14,192001,-0.018105194,-0.43564364,0.33265242
2022-12-18 16:16:14,192502,0.19707805,-0.2801151,0.38165447
2022-12-18 16:16:15,193001,0.5986826,0.22588518,0.6373179
2022-12-18 16:16:15,193501,0.20027387,-0.23643936,0.5563578
2022-12-18 16:16:16,194001,0.6412931,0.25145146,0.8620886
2022-12-18 16:16:16,194502,0.06392009,0.5646392,-0.42901126
2022-12-18 16:16:17,195001,0.19068642,-0.030843299,0.045031093
2022-12-18 16:16:17,195501,0.13848855,0.03307239,0.19416802
2022-12-18 16:16:18,196001,0.096943185,0.4581127,-0.0689521
2022-12-18 16:16:18,196502,-0.38988233,0.095922895,0.08338064
2022-12-18 16:16:19,197001,0.086290546,0.41656747,-0.34485534
2022-12-18 16:16:19,197501,0.6572721,1.3998061,-0.9169022
2022-12-18 16:16:20,198001,-0.23009275,-1.5403227,0.5755326
2022-12-18 16:16:20,198502,-0.19706953,-0.34083524,0.18351538
2022-12-18 16:16:21,199001,-0.47829923,-1.2740065,1.1912553
2022-12-18 16:16:21,199501,0.054332633,0.13853344,-1.0798876
2022-12-18 16:16:22,200001,-0.12143575,-0.12352135,-0.007166775
2022-12-18 16:16:22,200501,0.32917082,0.6498603,-0.008231958
2022-12-18 16:16:23,201002,0.09161686,-0.06812753,-0.019949913
2022-12-18 16:16:23,201501,-0.19706953,-0.43244797,-0.087061554
2022-12-18 16:16:24,202001,0.47617725,0.5997928,0.09403328
2022-12-18 16:16:24,202501,-0.5102571,-1.0311264,0.08870696
2022-12-18 16:16:25,203001,0.16618545,0.014962934,0.1845807
2022-12-18 16:16:25,203501,-0.03621465,0.017093435,0.23145224
2022-12-18 16:16:26,204002,0.29721293,0.80112773,-0.25537324
2022-12-18 16:16:26,204501,-0.12143575,-1.2377875,0.45089677
2022-12-18 16:16:27,205001,0.2034697,-0.37492365,0.6362526
2022-12-18 16:16:27,205501,0.43889302,0.80112773,0.8013686
2022-12-18 16:16:28,206002,0.07989904,0.7968667,-0.88814014
2022-12-18 16:16:28,206501,0.25673288,0.14705558,-0.6484558
2022-12-18 16:16:29,207001,0.29934344,0.18220931,-1.0958666
2022-12-18 16:16:29,207501,0.7222532,-0.18530667,-0.93075067
2022-12-18 16:16:30,208001,0.25353706,-0.34083524,-0.7208936
2022-12-18 16:16:30,208501,0.28869078,-0.106477074,-0.6505863
2022-12-18 16:16:31,209002,0.28336447,-0.10115076,-0.53553766
2022-12-18 16:16:31,209501,0.5326363,0.24825577,-0.58453983
2022-12-18 16:16:32,210001,-0.23009275,-1.6500447,0.5851199
2022-12-18 16:16:32,210501,0.05539795,-0.38557628,0.56381464
2022-12-18 16:16:33,211001,0.38669503,0.116162986,0.64157903
2022-12-18 16:16:33,211501,0.3227792,0.057573482,0.69910324
2022-12-18 16:16:34,212001,0.34301928,-0.18637186,1.2328004
2022-12-18 16:16:34,212502,0.50067824,-0.37705415,1.5630324
2022-12-18 16:16:35,213001,1.0162661,-0.9256651,1.1923205
2022-12-18 16:16:35,213501,0.9076092,0.4250896,-0.14884688
2022-12-18 16:16:36,214001,-0.021300878,-0.12352135,0.37100184
2022-12-18 16:16:36,214501,0.79895216,0.04798603,0.68631995
2022-12-18 16:16:37,215002,0.6317058,-0.010603341,0.64903575
2022-12-18 16:16:37,215501,0.107595816,-0.120325536,0.72893065
2022-12-18 16:16:38,216001,0.40693513,-0.20022032,1.420287
2022-12-18 16:16:38,216501,0.39308667,1.9271117,-0.56110406
2022-12-18 16:16:39,217001,0.20879601,0.44319907,-1.327029
2022-12-18 16:16:39,217501,0.89163023,-0.072388664,-1.1129109
2022-12-18 16:16:40,218001,0.5070698,0.4677,-1.0042539
2022-12-18 16:16:40,218501,0.02557054,-0.3866416,-0.19252262
2022-12-18 16:16:41,219002,0.51133084,-0.21193826,-0.1360636
2022-12-18 16:16:41,219501,-0.44953713,-0.73072183,0.10042478
2022-12-18 16:16:42,220001,0.36006355,0.11722817,0.82480437
2022-12-18 16:16:42,220501,-0.41225278,0.071421936,0.19736384
2022-12-18 16:16:43,221001,-0.9736471,0.97689635,-0.14032474
2022-12-18 16:16:43,221501,-0.59760886,0.094857715,-0.22767633
2022-12-18 16:16:44,222002,0.27590764,-0.09156344,-0.05084251
2022-12-18 16:16:44,222501,0.30999607,0.8352163,-0.14778157
2022-12-18 16:16:45,223001,0.30040875,0.026680754,-0.3523123
2022-12-18 16:16:45,223501,0.19814336,-0.10541176,-0.31609327
2022-12-18 16:16:46,224002,-0.48362556,-0.60715115,-0.09877937
2022-12-18 16:16:46,224501,0.014917903,0.049051348,-0.12967211
2022-12-18 16:16:47,225001,-1.0769775,-0.057474893,-0.468426
2022-12-18 16:16:47,225501,-0.28974745,-0.43883947,-0.051907826
2022-12-18 16:16:48,226002,-0.03941047,0.012832301,-0.633542
2022-12-18 16:16:48,226501,-0.21517898,-0.12991285,-0.0774741
2022-12-18 16:16:49,227001,0.7765817,-0.2982247,-0.39918384
2022-12-18 16:16:49,227501,0.2066655,-0.9831894,0.9803329
2022-12-18 16:16:50,228002,-0.050063103,1.4040672,-0.31609327
2022-12-18 16:16:50,228501,0.16831596,-0.06493185,-0.36296493
2022-12-18 16:16:51,229001,0.08948636,-0.08197598,-0.28307015
2022-12-18 16:16:51,229501,-0.39733914,0.4783528,-0.008231958
2022-12-18 16:16:52,230001,-0.45699397,-0.6412396,0.02798682
2022-12-18 16:16:52,230502,0.65194577,-0.3813153,0.20588598
2022-12-18 16:16:53,231001,0.25140655,0.8043237,0.4391788
2022-12-18 16:16:53,231501,0.07989904,0.10870617,0.20801647
2022-12-18 16:16:54,232001,0.36645508,0.03307239,0.5286609
2022-12-18 16:16:54,232502,-0.26311585,-0.15228345,0.51268196
2022-12-18 16:16:55,233001,4.2633997E-6,0.13001144,0.62986094
2022-12-18 16:16:55,233501,-0.38349068,0.9364163,-0.468426
2022-12-18 16:16:56,234001,-0.061780926,-0.7775934,0.29217237
2022-12-18 16:16:56,234501,0.19814336,-0.43457848,0.71295166
2022-12-18 16:16:57,235002,0.5230488,0.4293506,0.22506075
2022-12-18 16:16:57,235501,0.11292214,-0.40368575,1.3105649
2022-12-18 16:16:58,236001,-0.37603387,1.359326,-0.67828304
2022-12-18 16:16:58,236501,0.576312,0.31962842,-0.42475027
2022-12-18 16:16:59,237002,0.7957565,-0.7008944,-1.0394074
2022-12-18 16:16:59,237501,-0.14487152,-0.1096729,0.56381464
2022-12-18 16:17:00,238001,0.08309486,-0.23430872,0.68418944
2022-12-18 16:17:00,238501,0.2077307,1.3486735,-0.16589102
2022-12-18 16:17:01,239002,-0.0042567383,0.39419687,-0.4130323
2022-12-18 16:17:01,239501,0.20240436,0.22908099,-0.9115759
2022-12-18 16:17:02,240001,-0.31957486,-1.4465792,0.93239605
2022-12-18 16:17:02,240501,-0.035149332,-0.026582297,-0.5110367
2022-12-18 16:17:03,241001,0.75740695,0.44532955,1.1028383
2022-12-18 16:17:03,241502,-0.12356625,0.5326813,-0.42475027
2022-12-18 16:17:04,242001,0.38030353,-0.55069214,-0.78161377
2022-12-18 16:17:04,242501,0.33023602,-0.58265007,0.42746085
2022-12-18 16:17:05,243001,-0.085216835,0.027746072,-0.0039709574
2022-12-18 16:17:05,243501,0.78723437,1.2655828,0.57446724
2022-12-18 16:17:06,244001,0.38562983,0.83947724,-0.5525819
2022-12-18 16:17:06,244502,0.2844298,0.99181,-0.44605553
2022-12-18 16:17:07,245001,-0.019170377,-1.6585668,0.73851794
2022-12-18 16:17:07,245501,0.41013092,0.44426423,0.13238269
2022-12-18 16:17:08,246001,-0.061780926,-0.1661319,0.22399543
2022-12-18 16:17:08,246502,-0.30679172,0.026680754,-0.17547847
2022-12-18 16:17:09,247001,-0.22370112,-0.28331092,-0.31289744
2022-12-18 16:17:09,247501,0.24821074,-0.08197598,-0.112627834
2022-12-18 16:17:10,248001,0.049006313,-0.20554663,0.06846687
2022-12-18 16:17:10,248501,-0.03834515,-0.40368575,0.11320792
2022-12-18 16:17:11,249002,0.044745315,-0.21726458,0.49670312
2022-12-18 16:17:11,249501,0.2940171,-0.14908762,0.6383831
2022-12-18 16:17:12,250001,0.15446751,0.172622,0.44557044
2022-12-18 16:17:12,250501,0.519853,0.04585553,0.71508217
2022-12-18 16:17:13,251001,0.13742323,-0.01592966,0.72999585
2022-12-18 16:17:13,251502,0.42504457,0.20031877,0.52013874
2022-12-18 16:17:14,252001,0.3131919,-0.35468355,1.2956511
2022-12-18 16:17:14,252501,0.059658952,0.15557772,0.57766306
2022-12-18 16:17:15,253001,0.23862341,0.074617624,0.8333265
2022-12-18 16:17:15,253501,0.17790328,-0.05854021,0.64157903
2022-12-18 16:17:16,254002,0.39202133,0.96624374,0.25701866
2022-12-18 16:17:16,254501,0.14061905,0.7947362,-0.50890607
2022-12-18 16:17:17,255001,1.1440978,0.7670393,-1.5049279
2022-12-18 16:17:17,255501,-0.2812253,-1.6457837,1.2807375
2022-12-18 16:17:18,256002,0.4623288,0.49220112,0.5808589
2022-12-18 16:17:18,256501,0.64768475,0.84267306,0.42852616
2022-12-18 16:17:19,257001,0.58909523,1.1590565,-0.47801346
2022-12-18 16:17:19,257501,-0.28974745,-1.2612233,-0.013558278
2022-12-18 16:17:20,258001,0.11079164,0.6061844,0.27832392
2022-12-18 16:17:20,258502,0.50174356,0.32069358,-0.16056469
2022-12-18 16:17:21,259001,-0.67963415,-0.312073,-0.007166775
2022-12-18 16:17:21,259501,0.37178138,0.6296203,0.13557851
2022-12-18 16:17:22,260001,-0.035149332,-0.48677632,0.055683732
2022-12-18 16:17:22,260501,-0.0031914213,0.5667697,-0.08493105
2022-12-18 16:17:23,261002,-0.09054315,0.35265166,-0.41409764
2022-12-18 16:17:23,261501,0.15766332,-1.3219434,0.31773865
2022-12-18 16:17:24,262001,-0.16724211,-0.35361835,0.52013874
2022-12-18 16:17:24,262501,-0.086282015,0.3782179,0.4434398
2022-12-18 16:17:25,263001,0.44102353,1.79928,-0.04232037
2022-12-18 16:17:25,263502,0.36752024,1.2900839,-0.23832898
2022-12-18 16:17:26,264001,-0.61039203,-1.2793329,0.38378513
2022-12-18 16:17:26,264501,0.5869648,0.10870617,0.33904395
2022-12-18 16:17:27,265001,-0.096934654,0.26636523,-0.23087215
2022-12-18 16:17:27,265502,0.1768381,1.0258985,-0.20424056
2022-12-18 16:17:28,266001,-0.41757908,-0.60289013,0.24423552
2022-12-18 16:17:28,266501,-0.22583161,-0.24283086,0.030117456
2022-12-18 16:17:29,267001,0.12250959,0.0107018,0.39337245
2022-12-18 16:17:29,267502,0.20027387,-0.07025816,0.4487661
2022-12-18 16:17:30,268001,-0.47084242,0.3633043,0.069532186
2022-12-18 16:17:30,268501,0.30360442,0.34839052,-0.5802788
2022-12-18 16:17:31,269002,0.2940171,0.2312115,-0.65378207
2022-12-18 16:17:31,269501,0.6817732,0.028811255,-1.0426034
2022-12-18 16:17:32,270001,0.78616905,-0.09688976,-0.9989276
2022-12-18 16:17:32,270501,0.45167616,-0.58051956,-0.37148708
2022-12-18 16:17:33,271002,0.24821074,-0.2769194,-0.8508559
2022-12-18 16:17:33,271501,0.117183276,-0.6934376,0.5595536
2022-12-18 16:17:34,272001,0.22903596,-0.26733196,0.67673266
2022-12-18 16:17:34,272501,0.156598,0.6701003,0.005616363
2022-12-18 16:17:35,273001,-0.04047565,-0.09475912,0.133448
2022-12-18 16:17:35,273502,0.105465315,0.41124114,-0.3821397
2022-12-18 16:17:36,274001,0.18749073,-0.68065447,1.0698152
2022-12-18 16:17:36,274501,0.095878,1.2538648,-0.49505758
2022-12-18 16:17:37,275001,0.11931378,-0.3909026,-0.7741569
2022-12-18 16:17:37,275501,-0.06391156,-1.2463096,0.670341
2022-12-18 16:17:38,276002,0.17364228,0.49539694,0.23997438
2022-12-18 16:17:38,276501,0.3526066,0.54226863,-0.42901126
2022-12-18 16:17:39,277001,-0.24607171,-0.52619106,-0.18826161
2022-12-18 16:17:39,277501,0.11185695,-0.41114256,-0.31715858
2022-12-18 16:17:40,278002,-0.20772216,-0.66147965,-0.13073729
2022-12-18 16:17:40,278501,0.3771077,-0.41966468,0.4434398
2022-12-18 16:17:41,279001,0.27058133,-0.15441394,0.19310284
2022-12-18 16:17:41,279501,0.31212655,-0.37492365,1.0229435
2022-12-18 16:17:42,280001,-1.1930914,-0.09049812,0.98778975
2022-12-18 16:17:42,280502,0.15979382,0.33347687,0.5552926
2022-12-18 16:17:43,281001,-0.011713558,-0.18211086,0.87806755
2022-12-18 16:17:43,281501,0.28869078,-0.0010158882,1.3989817
2022-12-18 16:17:44,282001,0.19388224,0.1523819,0.609621
2022-12-18 16:17:44,282502,0.26205918,-0.106477074,0.9537013
2022-12-18 16:17:45,283001,0.2982781,-0.2289824,1.2977816
2022-12-18 16:17:45,283501,1.0365062,0.7670393,0.8876549
2022-12-18 16:17:46,284001,-0.03301883,1.2570608,-1.2002625
2022-12-18 16:17:46,284502,1.1291842,-0.85003144,-1.1150411
2022-12-18 16:17:47,285001,0.17151177,-0.711547,0.9302654
2022-12-18 16:17:47,285501,0.115052775,-0.7573534,0.7736717
2022-12-18 16:17:48,286001,-0.15871997,1.5915536,-0.2457858
2022-12-18 16:17:48,286501,0.017048404,-0.41220787,-0.83168113
2022-12-18 16:17:49,287001,-0.46445078,-0.046822254,0.10681642
2022-12-18 16:17:49,287502,0.013852585,-0.7083512,0.48391986
2022-12-18 16:17:50,288001,-0.15232848,0.341999,0.33904395
2022-12-18 16:17:50,288501,0.30147392,1.5276378,-0.56962615
2022-12-18 16:17:51,289002,-0.3600549,-2.1581757,-0.22128484
2022-12-18 16:17:51,289501,-0.731832,-0.0031465222,0.08764164
2022-12-18 16:17:52,290001,0.4399582,0.093792394,0.12705638
2022-12-18 16:17:52,290501,0.12996641,0.014962934,0.03650896
2022-12-18 16:17:53,291001,-0.17363375,-0.17571922,0.20375547
2022-12-18 16:17:53,291502,0.4378277,-0.17465404,0.3539577
2022-12-18 16:17:54,292001,-0.022366194,-0.23430872,0.14942697
2022-12-18 16:17:54,292501,0.014917903,-0.26839727,0.51161677
2022-12-18 16:17:55,293001,0.22690547,0.4048495,0.41574302
2022-12-18 16:17:55,293502,0.06605059,0.3143021,0.1078816
2022-12-18 16:17:56,294001,0.41758776,0.51563704,-0.78907055
2022-12-18 16:17:56,294501,0.22370964,0.43787274,-0.44925135
2022-12-18 16:17:57,295001,0.6998826,0.059703983,-0.5760178
2022-12-18 16:17:57,295501,0.2897561,-1.3400528,0.035443775
2022-12-18 16:17:58,296002,0.0458105,0.7404077,0.8695454
2022-12-18 16:17:58,296501,0.012787402,0.4059148,-0.8508559
2022-12-18 16:17:59,297001,0.41013092,-0.4995596,-0.23300266
2022-12-18 16:17:59,297501,0.11931378,-0.86707556,0.6831243
2022-12-18 16:18:00,298002,0.02024422,0.07355244,-0.97975284
2022-12-18 16:18:00,298501,-0.04686729,0.25251678,0.23038706
2022-12-18 16:18:01,299001,-0.45592862,0.4325463,0.4050904
2022-12-18 16:18:01,299501,-0.57204247,0.08953139,-0.2436553
2022-12-18 16:18:02,300001,0.48150358,0.11829349,0.09616378
2022-12-18 16:18:02,300502,0.21625282,-0.14908762,0.2431702
2022-12-18 16:18:03,301001,0.44848034,0.34839052,0.28258494
2022-12-18 16:18:03,301501,0.20133905,0.8490647,-0.27561322
2022-12-18 16:18:04,302002,-0.53795403,-1.6340657,0.09190264
2022-12-18 16:18:04,302501,0.33982348,-0.29396355,0.19842915
2022-12-18 16:18:05,303001,-0.21944012,0.46450433,0.27406293
2022-12-18 16:18:05,303501,-0.40053496,0.6541213,0.19949433
2022-12-18 16:18:06,304001,-0.19600421,-0.8212692,-0.017819412
2022-12-18 16:18:06,304502,-0.7818995,-0.6731976,-0.10623633
2022-12-18 16:18:07,305001,0.004265265,0.27275673,0.07592369
2022-12-18 16:18:07,305501,0.3131919,0.60724974,0.0024205453
2022-12-18 16:18:08,306001,0.19601274,-0.06812753,-0.3182239
2022-12-18 16:18:08,306502,0.15553269,-0.01806016,0.03118264
2022-12-18 16:18:09,307001,-0.43675387,-0.8319219,0.082315326
2022-12-18 16:18:09,307501,0.042614814,0.18327463,0.18138488
2022-12-18 16:18:10,308001,-0.14167571,-0.039365437,0.03331314
2022-12-18 16:18:10,308501,0.51133084,0.26636523,-0.026341416
2022-12-18 16:18:11,309002,0.25779805,0.044790212,-0.121149965
2022-12-18 16:18:11,309501,-0.0809557,-0.085171804,0.20801647
2022-12-18 16:18:12,310001,0.5464846,0.3718263,0.0791195
2022-12-18 16:18:12,310501,-0.14913265,0.24186413,0.05887955
2022-12-18 16:18:13,311001,0.17151177,-0.05427921,0.30815133
2022-12-18 16:18:13,311502,-0.32383585,0.10018403,0.030117456
2022-12-18 16:18:14,312001,-0.20239584,-0.20874245,-0.0029056403
2022-12-18 16:18:14,312501,0.38669503,0.16836086,-0.30757126
2022-12-18 16:18:15,313001,-0.03834515,0.071421936,0.34756607
2022-12-18 16:18:15,313502,0.23436229,0.0607693,0.020530002
2022-12-18 16:18:16,314001,0.38349932,0.28660518,0.039704777
2022-12-18 16:18:16,314501,-0.42184022,0.35904315,-0.10091001
2022-12-18 16:18:17,315001,0.117183276,-0.41966468,-0.013558278
2022-12-18 16:18:17,315501,-0.5613898,-0.36746684,0.0791195
2022-12-18 16:18:18,316002,-0.38988233,-0.3355089,-0.033798367
2022-12-18 16:18:18,316501,-0.1683073,-0.100085445,0.006681547
2022-12-18 16:18:19,317001,0.086290546,0.25784308,-0.18080479
2022-12-18 16:18:19,317501,0.13103172,0.34626,-0.4130323
2022-12-18 16:18:20,318002,0.33449715,0.013897617,-0.6740221
2022-12-18 16:18:20,318501,0.4921562,0.07887876,-1.1352814
2022-12-18 16:18:21,319001,0.43250138,0.14492509,-1.053256
2022-12-18 16:18:21,319501,0.97791666,0.2876705,-1.6412817
2022-12-18 16:18:22,320001,0.59335625,-0.01379916,-0.42475027
2022-12-18 16:18:22,320502,0.58057314,0.4858096,-0.86790013
2022-12-18 16:18:23,321001,0.53902775,-1.4337962,0.1909722
2022-12-18 16:18:23,321501,0.07031159,-1.0183431,1.5140302
2022-12-18 16:18:24,322001,0.38882554,2.3351078,-0.28839648
2022-12-18 16:18:24,322502,0.78190804,2.0240507,-1.3003973
2022-12-18 16:18:25,323001,-0.2812253,-0.82553035,0.6234695
2022-12-18 16:18:25,323501,0.2684507,0.47941798,0.7726065
2022-12-18 16:18:26,324001,0.36006355,0.350521,-0.83487695
2022-12-18 16:18:26,324501,0.31106123,0.19605777,-0.049777325
2022-12-18 16:18:27,325002,0.35686773,-0.24815717,0.13983965
2022-12-18 16:18:27,325501,0.5070698,-0.416469,0.896177
2022-12-18 16:18:28,326001,-0.100130476,0.6498603,-0.36403012
2022-12-18 16:18:28,326501,0.2673855,0.88315314,-0.3874659
2022-12-18 16:18:29,327001,-0.07562938,-0.8638798,-0.018884595
2022-12-18 16:18:29,327501,-0.11078311,0.20031877,0.3251955
2022-12-18 16:18:30,328002,0.35686773,0.818172,0.4125472
2022-12-18 16:18:30,328501,-0.8862954,0.3174979,0.11001223
2022-12-18 16:18:31,329001,0.0063957656,0.5401381,-0.08812674
2022-12-18 16:18:31,329501,0.4623288,0.7329509,0.15262279
2022-12-18 16:18:32,330001,0.115052775,0.9737005,-0.39492285
2022-12-18 16:18:32,330502,-0.19920002,-1.6883942,0.548901
2022-12-18 16:18:33,331001,0.60826993,0.15664303,0.4945725
2022-12-18 16:18:33,331501,0.66366374,1.1824923,-0.6239547
2022-12-18 16:18:34,332001,-0.4207749,-0.54110485,-0.19891424
2022-12-18 16:18:34,332501,0.27058133,-1.0321916,0.677798
2022-12-18 16:18:35,333002,0.3270402,1.2794312,-0.16802165
2022-12-18 16:18:35,333501,0.16831596,0.37395677,-0.4918619
2022-12-18 16:18:36,334001,0.36645508,-1.0481706,0.34223977
2022-12-18 16:18:36,334501,-0.3504676,-0.07984548,0.27832392
2022-12-18 16:18:37,335001,-0.10865261,0.6562519,-0.34911647
2022-12-18 16:18:37,335502,0.12996641,0.36756527,-0.03699405
2022-12-18 16:18:38,336001,-0.23328857,-0.28863722,-0.09771419
2022-12-18 16:18:38,336501,0.3185182,0.11083667,0.06420587
2022-12-18 16:18:39,337001,0.031962175,-0.43351313,-0.16376051
2022-12-18 16:18:39,337501,0.002134764,0.09059658,0.17605856
2022-12-18 16:18:40,338001,0.2332971,0.1800788,-0.005036141
2022-12-18 16:18:40,338502,0.059658952,0.3633043,-0.19571842
2022-12-18 16:18:41,339001,0.41758776,0.9907448,0.03650896
2022-12-18 16:18:41,339501,-0.3025307,-0.04788757,-0.16163002
2022-12-18 16:18:42,340001,-0.059650425,-0.10434657,0.33265242
2022-12-18 16:18:42,340502,-0.24394107,-0.097954944,0.05142273
2022-12-18 16:18:43,341001,0.42930558,0.018158618,0.026921637
2022-12-18 16:18:43,341501,0.012787402,-0.21939509,-0.23193747
2022-12-18 16:18:44,342001,0.061789453,0.20777573,0.04609641
2022-12-18 16:18:44,342501,-0.14274102,0.058638666,-0.23939429
2022-12-18 16:18:45,343002,0.05220213,-0.16932772,0.02798682
2022-12-18 16:18:45,343501,0.16618545,0.2610389,0.043965776
2022-12-18 16:18:46,344001,-0.10332629,-0.27052778,-0.17547847
2022-12-18 16:18:46,344501,0.010656901,0.03839871,-0.0774741
2022-12-18 16:18:47,345002,-0.25885484,0.082074575,0.15049228
2022-12-18 16:18:47,345501,-0.18322107,0.30791047,0.16860174
2022-12-18 16:18:48,346001,-0.49108237,-0.09262862,-0.010362459
2022-12-18 16:18:48,346501,-0.46338558,0.0053754807,0.02798682
2022-12-18 16:18:49,347002,0.47085094,-0.49742898,-0.078539416
2022-12-18 16:18:49,347501,0.503874,0.25145146,-0.0018404564
2022-12-18 16:18:50,348001,-0.7243752,-0.3365741,0.27406293
2022-12-18 16:18:50,348501,0.67857736,0.20777573,0.26341015
2022-12-18 16:18:51,349001,0.05539795,0.4059148,0.3539577
2022-12-18 16:18:51,349502,-0.22583161,0.063964985,0.1909722
2022-12-18 16:18:52,350001,-0.27057266,0.17475249,-0.10836683
2022-12-18 16:18:52,350501,0.13103172,-0.64869654,0.44770095
2022-12-18 16:18:53,351001,0.34621498,0.94919944,0.59044623
2022-12-18 16:18:53,351501,-0.6391541,0.74253833,-0.03273305
2022-12-18 16:18:54,352002,-0.2812253,0.05118185,0.4082862
2022-12-18 16:18:54,352501,-0.42184022,0.05118185,0.04077009
2022-12-18 16:18:55,353001,-0.1310232,-0.22578672,-0.14991206
2022-12-18 16:18:55,353501,0.26951602,-0.32698676,0.3539577
2022-12-18 16:18:56,354001,-0.19174321,0.54333377,1.0389225
2022-12-18 16:18:56,354502,-0.18322107,0.7350814,-0.66763055
2022-12-18 16:18:57,355001,0.2897561,0.26636523,-0.81996316
2022-12-18 16:18:57,355501,0.4655246,-0.09049812,-0.59838825
2022-12-18 16:18:58,356001,0.52944046,0.11190186,-1.0351464
2022-12-18 16:18:58,356502,0.64981526,0.27275673,-1.271635
2022-12-18 16:18:59,357001,0.6412931,0.093792394,-0.89772743
2022-12-18 16:18:59,357501,0.9970913,-0.25774464,-1.4793617
2022-12-18 16:19:00,358001,0.22051382,-1.5477793,0.86528444
2022-12-18 16:19:00,358502,1.0631378,-0.9459052,1.880481
2022-12-18 16:19:01,359001,1.35502,1.4605262,-0.8295506
2022-12-18 16:19:01,359501,0.46978563,0.757452,-1.6775008
2022-12-18 16:19:02,360001,0.11292214,-0.41220787,-0.10091001
2022-12-18 16:19:02,360501,0.8383669,0.43893793,-0.7294157
2022-12-18 16:19:03,361002,0.3749772,-0.93418723,-0.25324276
2022-12-18 16:19:03,361501,-0.27376848,-1.6383268,0.078054324
2022-12-18 16:19:04,362001,-0.6434151,-0.5176689,0.26447546
2022-12-18 16:19:04,362501,-0.4655161,0.10124922,0.56701046
2022-12-18 16:19:05,363001,0.6860343,0.34093368,0.5851199
2022-12-18 16:19:05,363502,-0.011713558,0.5209633,-0.42368495
2022-12-18 16:19:06,364001,-0.4751034,-0.097954944,-0.49505758
2022-12-18 16:19:06,364501,0.35899824,0.0671608,-0.5376683
2022-12-18 16:19:07,365001,-0.014909375,-0.31633413,-0.3853354
2022-12-18 16:19:07,365501,-0.09054315,-0.33124778,-0.08386574
2022-12-18 16:19:08,366002,0.20453487,-0.011668526,-0.43007657
2022-12-18 16:19:08,366501,0.7637985,-0.12352135,-0.018884595
2022-12-18 16:19:09,367001,0.9704597,1.0269637,-0.013558278
2022-12-18 16:19:09,367501,0.6956216,0.42082846,0.049292095
2022-12-18 16:19:10,368002,-0.04367147,-0.9182083,-0.6484558
2022-12-18 16:19:10,368501,-0.4676466,0.04265971,0.19629851
2022-12-18 16:19:11,369001,-0.7669859,0.32282424,0.12066487
2022-12-18 16:19:11,369501,0.32917082,0.2088409,-0.017819412
2022-12-18 16:19:12,370002,-0.052193604,-0.21087295,-0.04764669
2022-12-18 16:19:12,370501,0.3195834,0.49752742,0.24423552
2022-12-18 16:19:13,371001,-0.017039876,-0.5719974,-0.039124686
2022-12-18 16:19:13,371501,0.50067824,0.19499259,0.090837464
2022-12-18 16:19:14,372001,0.34195396,0.54652977,0.15049228
2022-12-18 16:19:14,372502,0.69136065,0.092727214,0.08551114
2022-12-18 16:19:15,373001,-0.28016013,-0.77226704,0.25169232
2022-12-18 16:19:15,373501,-0.088412516,-0.5048858,0.70229906
2022-12-18 16:19:16,374002,0.054332633,-0.0020812051,0.2772586
2022-12-18 16:19:16,374501,0.73290586,-0.92033875,0.952636
2022-12-18 16:19:17,375001,0.1853601,-0.120325536,0.28791124
2022-12-18 16:19:17,375501,0.55287623,-0.29183304,0.62453467
2022-12-18 16:19:18,376002,0.08096423,2.1412299,-0.2926575
2022-12-18 16:19:18,376501,0.48576456,-0.22365609,-1.0639086
2022-12-18 16:19:19,377001,-0.25565904,-0.6039553,0.16540591
2022-12-18 16:19:19,377502,1.0950956,0.5635739,0.5968379
2022-12-18 16:19:20,378001,0.81493115,-0.01379916,-1.1118455
2022-12-18 16:19:20,378501,-0.8095963,-1.0524316,1.1433184
2022-12-18 16:19:21,379001,0.30680025,1.2591913,0.3507619
2022-12-18 16:19:21,379502,0.67644686,-0.21726458,-0.34272486
2022-12-18 16:19:22,380001,0.75740695,-1.009821,0.10468592
2022-12-18 16:19:22,380501,0.115052775,-0.42818683,0.04077009
2022-12-18 16:19:23,381001,-0.030888332,-0.14802244,-0.09451837
2022-12-18 16:19:23,381502,0.5486152,0.14279458,0.3528924
2022-12-18 16:19:24,382001,-0.6018699,0.6210982,-0.37574807
2022-12-18 16:19:24,382501,0.5475499,0.9289595,-0.30437544
2022-12-18 16:19:25,383001,0.3281055,-0.8649451,0.27512813
2022-12-18 16:19:25,383502,0.44102353,0.023484938,0.5819242
2022-12-18 16:19:26,384001,-0.445276,0.96730894,-0.23193747
2022-12-18 16:19:26,384501,0.67218584,-0.711547,-1.0181023
2022-12-18 16:19:27,385001,-0.51558346,-0.8425745,0.39337245
2022-12-18 16:19:27,385501,-0.21304849,0.51883286,-0.40344498
2022-12-18 16:19:28,386002,0.49961302,-0.3887721,-0.4343376
2022-12-18 16:19:28,386501,-0.3579244,-0.23856986,0.19416802
2022-12-18 16:19:29,387001,0.086290546,0.8618477,0.1643406
2022-12-18 16:19:29,387501,0.20240436,0.63601196,-0.21169738
2022-12-18 16:19:30,388002,0.21944864,0.4272201,-0.62288934
2022-12-18 16:19:30,388501,0.20133905,0.008571299,-0.57388717
2022-12-18 16:19:31,389001,0.08522536,-0.312073,-0.07001728
2022-12-18 16:19:31,389501,-0.044736788,0.14705558,-0.37468275
2022-12-18 16:19:32,390002,0.17151177,0.2876705,-0.8668348
2022-12-18 16:19:32,390501,0.33769298,-0.20874245,-0.55790824
2022-12-18 16:19:33,391001,0.11292214,-0.22259091,0.047161594
2022-12-18 16:19:33,391501,0.2354276,0.66583925,-0.25324276
2022-12-18 16:19:34,392002,-0.14700216,-0.5592143,-0.53021145
2022-12-18 16:19:34,392501,-0.099065155,-1.4220783,-0.87216115
2022-12-18 16:19:35,393001,0.6839037,-0.9022293,-0.7571126
2022-12-18 16:19:35,393501,-0.17363375,-0.14802244,0.05887955
2022-12-18 16:19:36,394001,0.48576456,-0.33870474,0.20588598
2022-12-18 16:19:36,394502,-0.36964223,-0.3397699,-0.121149965
2022-12-18 16:19:37,395001,-0.3589896,-0.26307094,0.34117442
2022-12-18 16:19:37,395501,0.2354276,0.94067746,0.30921665
2022-12-18 16:19:38,396001,0.4580678,0.69353604,-0.10517101
2022-12-18 16:19:38,396501,0.81280065,-0.035104435,-0.20743638
2022-12-18 16:19:39,397002,0.5507457,-0.6273913,-0.10730151
2022-12-18 16:19:39,397501,0.48363408,0.5667697,0.129187
2022-12-18 16:19:40,398001,0.36325926,-0.22578672,-0.7155673
2022-12-18 16:19:40,398501,0.27803814,-0.08836762,0.15368797
2022-12-18 16:19:41,399001,0.13635805,-0.2769194,0.84930545
2022-12-18 16:19:41,399501,-0.21730949,0.1481209,0.32732612
2022-12-18 16:19:42,400002,-0.23009275,0.8479994,-0.27987435
2022-12-18 16:19:42,400501,0.19388224,0.24505995,-0.7453947
2022-12-18 16:19:43,401001,0.1832296,-0.1437613,-0.37787858
2022-12-18 16:19:43,401501,0.3739119,0.04265971,-0.67082626
2022-12-18 16:19:44,402002,0.36752024,0.1438599,-0.9371423
2022-12-18 16:19:44,402501,0.6263795,-0.6124775,-0.8945317
2022-12-18 16:19:45,403001,-0.052193604,-0.97892827,0.7065601
2022-12-18 16:19:45,403501,0.14061905,-0.31633413,0.78325915
2022-12-18 16:19:46,404001,0.7680596,-0.005277023,1.2413226
2022-12-18 16:19:46,404502,0.33982348,0.4868748,-0.112627834
2022-12-18 16:19:47,405001,-0.14913265,-0.31100783,0.5158778
2022-12-18 16:19:47,405501,0.6711205,-0.15228345,0.7481054
2022-12-18 16:19:48,406001,0.17470746,1.1899492,1.1145562
2022-12-18 16:19:48,406501,0.45167616,2.036834,-1.1608477
2022-12-18 16:19:49,407002,0.5709857,-0.8628144,-0.80504954
2022-12-18 16:19:49,407501,-0.109717794,-0.43564364,-0.021015096
2022-12-18 16:19:50,408001,0.41545725,-1.5349962,0.75982326
2022-12-18 16:19:50,408501,0.3739119,0.4868748,0.42319986
2022-12-18 16:19:51,409001,0.10972645,0.03307239,0.78432435
2022-12-18 16:19:51,409502,-0.62210995,1.0301596,-0.70597994
2022-12-18 16:19:52,410001,0.67644686,1.4658525,-0.48227444
2022-12-18 16:19:52,410501,-0.2492674,-1.6308701,0.08657633
2022-12-18 16:19:53,411001,0.56885517,-0.10115076,0.5723368
2022-12-18 16:19:53,411501,0.24501492,0.16196935,0.18351538
2022-12-18 16:19:54,412002,-0.27909482,0.24825577,0.2772586
2022-12-18 16:19:54,412501,0.32917082,-0.0031465222,0.07059737
2022-12-18 16:19:55,413001,0.2077307,0.082074575,0.4860505
2022-12-18 16:19:55,413501,0.4889604,0.30045363,0.49670312
2022-12-18 16:19:56,414001,0.21305701,-0.2811804,0.30282503
2022-12-18 16:19:56,414501,0.17470746,-0.052148573,0.7321265
2022-12-18 16:19:57,415001,0.88204277,-0.48038483,0.7481054
2022-12-18 16:19:57,415501,0.57844263,0.2045799,0.5851199
2022-12-18 16:19:58,416001,0.029831542,0.52628964,0.11853424
2022-12-18 16:19:58,416501,0.42930558,-0.23217823,0.8716759
2022-12-18 16:19:59,417001,1.0354409,-0.20661195,1.4138954
2022-12-18 16:19:59,417502,0.33449715,1.0674437,-0.8018537
2022-12-18 16:20:00,418001,0.858607,1.0386815,-1.1171718
2022-12-18 16:20:00,418501,-0.006387239,-2.5768244,0.28258494
2022-12-18 16:20:01,419001,0.15553269,-0.43138266,0.88019806
2022-12-18 16:20:01,419501,0.094812684,0.47089583,0.22399543
2022-12-18 16:20:02,420002,0.11398745,-0.57945436,1.1433184
2022-12-18 16:20:02,420501,0.52411413,1.5979453,-0.88814014
2022-12-18 16:20:03,421001,0.9736555,0.17368717,-0.40131435
2022-12-18 16:20:03,421501,-0.5304971,-0.78505033,-0.75178635
2022-12-18 16:20:04,422001,-0.45379815,-2.4117084,0.84824014
2022-12-18 16:20:04,422501,0.62105316,0.0692913,0.23784389
2022-12-18 16:20:05,423002,-0.30679172,0.6029886,1.0261394
2022-12-18 16:20:05,423501,-0.3035959,1.5287031,-0.051907826
2022-12-18 16:20:06,424001,-0.45912445,0.38460955,-0.41196713
2022-12-18 16:20:06,424501,0.20879601,-0.9512315,0.09722897
2022-12-18 16:20:07,425001,-0.93636274,0.0107018,-0.089192055
2022-12-18 16:20:07,425502,-0.6338278,0.27488735,-0.28413534
2022-12-18 16:20:08,426001,-0.18109056,0.39100105,0.1877765
2022-12-18 16:20:08,426501,-0.20346102,-0.6987639,0.2985639
2022-12-18 16:20:09,427001,-0.43781918,0.8788921,-0.09451837
2022-12-18 16:20:09,427501,0.13742323,1.1228374,-0.23406798
2022-12-18 16:20:10,428001,0.06498527,-1.5211477,-0.20530587
2022-12-18 16:20:10,428502,-0.4719076,-0.78611547,-0.11795415
2022-12-18 16:20:11,429001,0.35686773,0.55505174,0.092967965
2022-12-18 16:20:11,429501,0.47724256,0.35371682,-0.008231958
2022-12-18 16:20:12,430001,0.12144428,0.17475249,0.1302522
2022-12-18 16:20:12,430501,0.36325926,-0.1970245,0.1259912
2022-12-18 16:20:13,431001,0.15766332,-0.14269613,0.44557044
2022-12-18 16:20:13,431502,0.15872851,-0.22046027,0.58725053
2022-12-18 16:20:14,432001,0.44741517,0.08100926,0.38165447
2022-12-18 16:20:14,432501,0.34621498,-0.041495938,0.83758754
2022-12-18 16:20:15,433001,0.34301928,0.49752742,0.4658104
2022-12-18 16:20:15,433501,0.53476673,0.062899806,0.7726065
2022-12-18 16:20:16,434002,0.58909523,-0.026582297,0.5979032
2022-12-18 16:20:16,434501,0.31638768,-0.13204348,0.6628842
2022-12-18 16:20:17,435001,0.061789453,0.116162986,0.5286609
2022-12-18 16:20:17,435501,0.5709857,0.19605777,0.6256
2022-12-18 16:20:18,436002,-0.28229064,0.14705558,0.5307915
2022-12-18 16:20:18,436501,0.42717507,1.3337599,-0.87642217
2022-12-18 16:20:19,437001,-0.28655174,0.2045799,-0.42155445
2022-12-18 16:20:19,437501,0.100139,-1.3325962,-0.5270156
2022-12-18 16:20:20,438002,-0.56884664,-1.4455141,0.7172127
2022-12-18 16:20:20,438501,-0.26311585,0.19286194,-0.16056469
2022-12-18 16:20:21,439001,-0.40479594,-0.55175745,0.9270697
2022-12-18 16:20:21,439501,-0.021300878,2.2658658,-0.4375334
2022-12-18 16:20:22,440002,0.003199948,0.95346045,-0.33739853
2022-12-18 16:20:22,440501,-0.029823015,-2.1730893,-0.10517101
2022-12-18 16:20:23,441001,-0.4729729,-0.4452311,0.20162497
2022-12-18 16:20:23,441501,0.5443541,0.94387317,0.19736384
2022-12-18 16:20:24,442002,0.7435585,0.08633558,-0.22661115
2022-12-18 16:20:24,442501,-0.085216835,-0.45694894,-0.22661115
2022-12-18 16:20:25,443001,-0.72331,0.644534,-0.025276233
2022-12-18 16:20:25,443501,0.30680025,0.29406214,-0.09025737
2022-12-18 16:20:26,444002,0.503874,-0.05854021,-0.08066992
2022-12-18 16:20:26,444501,0.47298142,-0.09475912,0.2900419
2022-12-18 16:20:27,445001,-0.33448863,-0.18743718,0.36887136
2022-12-18 16:20:27,445501,-0.47616872,0.08633558,0.069532186
2022-12-18 16:20:28,446002,0.29082128,0.76171297,0.0791195
2022-12-18 16:20:28,446501,-0.20133053,0.41443682,-0.18186997
2022-12-18 16:20:29,447001,0.094812684,0.03733339,-0.3853354
2022-12-18 16:20:29,447501,-0.006387239,0.019223936,-0.005036141
2022-12-18 16:20:30,448001,-0.013844059,-0.7008944,0.4668757
2022-12-18 16:20:30,448502,-0.38881698,-0.030843299,0.39337245
2022-12-18 16:20:31,449001,0.02770104,-0.25774464,0.36993667
2022-12-18 16:20:31,449501,0.4900257,-0.15974027,0.8066948
2022-12-18 16:20:32,450001,0.382434,0.09166189,0.31773865
2022-12-18 16:20:32,450502,-0.32064018,-0.38238046,0.8003033
2022-12-18 16:20:33,451001,-0.3589896,1.2932796,-0.68147886
2022-12-18 16:20:33,451501,0.19068642,-0.06812753,-0.45244703
2022-12-18 16:20:34,452001,0.10866114,-0.727526,-0.065756276
2022-12-18 16:20:34,452501,-0.34088013,0.16623035,-0.2702869
2022-12-18 16:20:35,453002,0.11398745,-0.84150934,1.1273394
2022-12-18 16:20:35,453501,-0.0788252,0.22268936,0.2474312
2022-12-18 16:20:36,454001,0.22797078,0.7361467,0.1845807
2022-12-18 16:20:36,454501,0.67431635,0.822433,-0.5557777
2022-12-18 16:20:37,455001,-0.042606287,-0.69024175,0.32306498
2022-12-18 16:20:37,455502,-0.46125495,-0.22685191,0.19523333
2022-12-18 16:20:38,456001,-0.021300878,0.80006254,0.03650896
2022-12-18 16:20:38,456501,0.38776034,0.47622216,0.07592369
2022-12-18 16:20:39,457001,0.35686773,-0.37385833,0.12173005
2022-12-18 16:20:39,457501,-0.31850967,0.6296203,0.7097559
2022-12-18 16:20:40,458002,-0.8490112,1.2272333,-0.4982534
2022-12-18 16:20:40,458501,0.44741517,-0.3962289,-0.45457768
2022-12-18 16:20:41,459001,-0.21198316,-0.15334876,-0.33952904
2022-12-18 16:20:41,459501,-0.28229064,-1.0769327,0.006681547
2022-12-18 16:20:42,460002,-0.72331,-0.12778234,-0.009297276
2022-12-18 16:20:42,460501,-0.20878749,0.2610389,0.09190264
2022-12-18 16:20:43,461001,-0.16724211,0.36756527,-0.25750375
2022-12-18 16:20:43,461501,0.1810991,0.13320726,0.129187
2022-12-18 16:20:44,462001,-0.4431455,-0.13630448,0.18671119
2022-12-18 16:20:44,462501,0.5582025,-0.89370716,0.33904395
2022-12-18 16:20:45,463001,-0.91399217,0.8203025,-0.19891424
2022-12-18 16:20:45,463501,0.12357478,0.38354424,0.090837464
2022-12-18 16:20:46,464001,-0.25672436,0.6732961,0.1803197
2022-12-18 16:20:46,464501,0.55607206,-0.4963638,-0.3789439
2022-12-18 16:20:47,465001,0.61785734,0.12042399,-0.15310788
2022-12-18 16:20:47,465501,0.4644593,-0.60608596,-0.28520066
2022-12-18 16:20:48,466001,-0.6423499,-0.41859952,0.008812048
2022-12-18 16:20:48,466502,0.46872044,0.03307239,-0.12434579
2022-12-18 16:20:49,467001,-0.65300256,-0.18743718,0.12173005
2022-12-18 16:20:49,467501,0.42397925,0.51350653,0.035443775
2022-12-18 16:20:50,468001,0.019178905,-0.21087295,0.0024205453
2022-12-18 16:20:50,468501,0.18003377,0.57848763,-0.0124930935
2022-12-18 16:20:51,469002,-0.267377,0.107640855,-0.593062
2022-12-18 16:20:51,469501,-0.5336929,-0.9586883,0.05355323
2022-12-18 16:20:52,470001,-0.7009394,-0.7893113,0.26021448
2022-12-18 16:20:52,470501,-0.47723392,0.8895448,-0.044451006
2022-12-18 16:20:53,471002,-0.64021945,0.80538887,-0.40131435
2022-12-18 16:20:53,471501,-0.15339366,-0.54962695,0.035443775
2022-12-18 16:20:54,472001,0.2673855,-0.09156344,0.14303534
2022-12-18 16:20:54,472501,0.4016088,-0.04256125,0.31880397
2022-12-18 16:20:55,473002,0.28229928,0.46237382,-0.011427777
2022-12-18 16:20:55,473501,0.28016865,0.7137761,-0.20850156
2022-12-18 16:20:56,474001,0.47404677,0.31536728,-0.24898161
2022-12-18 16:20:56,474501,0.09161686,0.024550255,-0.06682146
2022-12-18 16:20:57,475001,-0.01064824,-0.1970245,-0.09877937
2022-12-18 16:20:57,475502,0.05326745,-0.20022032,-0.022080414
2022-12-18 16:20:58,476001,-0.1864169,-0.78291965,0.27832392
2022-12-18 16:20:58,476501,0.402674,0.013897617,1.2328004
2022-12-18 16:20:59,477002,0.043679997,1.3081934,-0.70704514
2022-12-18 16:20:59,477501,0.3281055,0.3143021,-0.98188335
2022-12-18 16:21:00,478001,0.31212655,0.023484938,-0.58347464
2022-12-18 16:21:00,478501,0.818127,0.5145717,-0.8082452
2022-12-18 16:21:01,479001,0.7222532,0.15664303,-0.76137364
2022-12-18 16:21:01,479502,0.6008131,0.66690457,-0.70597994
2022-12-18 16:21:02,480001,0.74675435,0.46343902,-0.633542
2022-12-18 16:21:02,480501,0.7797774,0.22481987,-0.920098
2022-12-18 16:21:03,481001,0.55713737,-0.5815849,-0.5142325
2022-12-18 16:21:03,481502,-0.19706953,-1.3198129,-0.69532734
2022-12-18 16:21:04,482001,0.36219394,-1.2005035,1.3904598
2022-12-18 16:21:04,482501,0.0063957656,0.4868748,0.11001223
2022-12-18 16:21:05,483001,-0.20559166,0.72549397,-0.6601736
2022-12-18 16:21:05,483501,-0.6018699,-0.81487775,-0.8540517
2022-12-18 16:21:06,484002,-0.07989052,-1.2708108,1.0879246
2022-12-18 16:21:06,484501,0.7062743,0.8938058,-0.18186997
2022-12-18 16:21:07,485001,0.7616681,0.5124412,-0.16908683
2022-12-18 16:21:07,485501,0.4080003,-0.66041434,-0.14884688
2022-12-18 16:21:08,486002,-0.8319669,0.13001144,-0.290527
2022-12-18 16:21:08,486501,-0.7691162,0.35478213,0.11853424
2022-12-18 16:21:09,487001,0.13103172,-0.48038483,-0.03805937
2022-12-18 16:21:09,487501,-0.15658948,-0.30461618,-0.29691848
2022-12-18 16:21:10,488001,0.6924258,-0.19276349,0.02585632
2022-12-18 16:21:10,488501,0.44741517,-0.39835942,0.12705638
2022-12-18 16:21:11,489002,-0.8649901,0.04052921,0.1888417
2022-12-18 16:21:11,489501,-0.4399497,-0.040430754,0.19523333
2022-12-18 16:21:12,490001,0.78297323,-0.034039117,0.18564588
2022-12-18 16:21:12,490501,-0.005321922,-0.28331092,-0.28200483
2022-12-18 16:21:13,491002,0.7062743,-0.46760157,0.07379319
2022-12-18 16:21:13,491501,0.50280887,-0.5283217,-0.17228265
2022-12-18 16:21:14,492001,-0.5081266,0.6732961,-0.31928906
2022-12-18 16:21:14,492501,0.7211879,-0.9000988,-0.025276233
2022-12-18 16:21:15,493001,0.64448893,-0.72965664,0.47220203
2022-12-18 16:21:15,493502,-0.2695075,-0.085171804,0.33478293
2022-12-18 16:21:16,494001,0.3227792,1.2293638,-0.0029056403
2022-12-18 16:21:16,494501,0.75953746,0.59872764,-0.23619847
2022-12-18 16:21:17,495001,0.003199948,-0.3887721,-0.23406798
2022-12-18 16:21:17,495502,-0.41651392,-0.20022032,-0.08386574
2022-12-18 16:21:18,496001,0.321714,-0.40048993,0.23145224
2022-12-18 16:21:18,496501,-0.6636552,-0.17998035,0.14090483
2022-12-18 16:21:19,497001,0.02770104,0.114032485,0.4146777
2022-12-18 16:21:19,497502,-0.20452635,1.3273681,0.31880397
2022-12-18 16:21:20,498001,-0.51345295,0.5092454,-0.13925943
2022-12-18 16:21:20,498501,0.572051,-0.5293869,-0.57388717
2022-12-18 16:21:21,499001,-0.2226358,-1.0993032,-0.31396276
2022-12-18 16:21:21,499501,-0.35366327,-1.3837287,0.36993667
2022-12-18 16:21:22,500001,0.77232057,-0.29076773,0.49670312
2022-12-18 16:21:22,500502,0.6530111,0.21310204,-0.6452598
2022-12-18 16:21:23,501001,0.30040875,-0.24602668,-0.35550812
2022-12-18 16:21:23,501501,0.03515786,-0.43351313,-0.48547027
2022-12-18 16:21:24,502001,0.6572721,-1.3879898,0.18245019
2022-12-18 16:21:24,502501,0.8042785,-0.32592145,0.42746085
2022-12-18 16:21:25,503002,-0.6295668,0.8096499,-0.15949951
2022-12-18 16:21:25,503501,-0.3046612,-0.2289824,-0.26176476
2022-12-18 16:21:26,504001,0.25247175,-0.22791722,0.1558186
2022-12-18 16:21:26,504501,-0.5187793,-0.11712971,-0.24472061
2022-12-18 16:21:27,505001,0.74249333,-0.059605528,0.112142734
2022-12-18 16:21:27,505502,0.13529272,-0.010603341,0.03863946
2022-12-18 16:21:28,506001,-0.36857703,0.14172927,-0.20317538
2022-12-18 16:21:28,506501,-0.4399497,0.052247163,-0.091322556
2022-12-18 16:21:29,507001,0.5358319,0.04265971,0.10894692
2022-12-18 16:21:29,507502,0.13529272,-0.6412396,-0.061495144
2022-12-18 16:21:30,508001,-0.15658948,0.75851715,0.1078816
2022-12-18 16:21:30,508501,0.12357478,-0.28970253,-0.009297276
2022-12-18 16:21:31,509002,0.115052775,-0.09475912,0.06101005
2022-12-18 16:21:31,509501,-0.07030306,-0.3344436,0.052487914
2022-12-18 16:21:32,510002,0.22157915,-0.3152688,0.36247984
2022-12-18 16:21:32,510501,0.39202133,-0.031908616,0.6138821
2022-12-18 16:21:33,511001,-1.0567374,-0.06706235,0.5052251
2022-12-18 16:21:33,511502,0.1810991,-0.17358872,0.31560817
2022-12-18 16:21:34,512001,0.26312438,0.67862236,0.26021448
2022-12-18 16:21:34,512501,0.28336447,-0.10221607,-0.0039709574
2022-12-18 16:21:35,513001,0.8980219,-0.063866526,0.11001223
2022-12-18 16:21:35,513501,0.38030353,0.40378433,0.4136125
2022-12-18 16:21:36,514002,-0.3078569,-0.44310045,-0.10304051
2022-12-18 16:21:36,514501,-0.009583057,-0.06599703,0.043965776
2022-12-18 16:21:37,515001,0.07563791,0.63388133,0.42426518
2022-12-18 16:21:37,515501,-0.4484718,-0.34403104,-0.05510364
2022-12-18 16:21:38,516002,0.30147392,-0.15441394,-0.69426215
2022-12-18 16:21:38,516501,-0.15126316,-1.0471053,1.476746
2022-12-18 16:21:39,517001,-0.2972044,1.6267073,-0.65165144
2022-12-18 16:21:39,517501,0.9640682,0.6210982,-1.1896099
2022-12-18 16:21:40,518001,-0.4399497,-1.5445837,1.0921857
2022-12-18 16:21:40,518502,0.81493115,2.0240507,0.26660597
2022-12-18 16:21:41,519001,0.2684507,0.12468512,-0.53127664
2022-12-18 16:21:41,519501,-0.15445897,-0.49103746,-0.08280042
2022-12-18 16:21:42,520001,-0.07030306,0.5859445,0.42426518
2022-12-18 16:21:42,520502,-0.16937262,-1.0513663,0.81308645
2022-12-18 16:21:43,521001,0.48363408,0.5859445,-0.8370074
2022-12-18 16:21:43,521501,0.4868299,-0.0010158882,-0.5376683
2022-12-18 16:21:44,522001,-0.23541908,-0.66041434,0.47113672
2022-12-18 16:21:44,522501,0.24927592,-0.087302305,-0.0710826
2022-12-18 16:21:45,523002,-0.08202102,-0.8340525,-0.20424056
2022-12-18 16:21:45,523501,0.57950795,0.16729568,0.022660503
2022-12-18 16:21:46,524001,0.082029544,0.8927404,0.25275752
2022-12-18 16:21:46,524501,0.012787402,0.6754266,0.14729646
2022-12-18 16:21:47,525001,0.77338594,-0.47505853,-0.07001728
2022-12-18 16:21:47,525502,0.81280065,-0.5464312,0.17499325
2022-12-18 16:21:48,526001,0.4378277,-0.04256125,0.23997438
2022-12-18 16:21:48,526501,-0.31424853,0.4005885,0.26127964
2022-12-18 16:21:49,527001,0.35686773,0.20990622,0.05355323
2022-12-18 16:21:49,527501,-0.49640867,0.41017583,-0.23939429
2022-12-18 16:21:50,528002,-0.022366194,-0.68598074,-0.61543256
2022-12-18 16:21:50,528501,0.572051,-0.9778631,0.25595334
2022-12-18 16:21:51,529001,-0.28335595,0.22481987,0.5510315
2022-12-18 16:21:51,529501,-0.48362556,0.6807529,-0.5270156
2022-12-18 16:21:52,530001,0.25566757,-1.1461749,0.1057511
2022-12-18 16:21:52,530501,-0.25885484,-0.57625854,0.2719323
2022-12-18 16:21:53,531002,-0.39733914,0.80006254,0.34223977
2022-12-18 16:21:53,531501,-0.050063103,0.23760313,-0.0710826
2022-12-18 16:21:54,532001,-0.095869474,-0.18850249,-0.2958533
2022-12-18 16:21:54,532501,-0.035149332,-0.82446504,0.34437025
2022-12-18 16:21:55,533001,0.08522536,1.1601217,-0.5110367
2022-12-18 16:21:55,533502,-0.17256844,0.082074575,-0.90305376
2022-12-18 16:21:56,534001,0.09907382,-1.10676,-0.22448066
2022-12-18 16:21:56,534501,0.63703215,-0.17358872,1.1220131
2022-12-18 16:21:57,535001,-0.30040008,1.0184414,-0.6750874
2022-12-18 16:21:57,535501,0.34621498,-0.119260214,-0.16908683
2022-12-18 16:21:58,536002,0.40054348,-0.3365741,-0.09558369
2022-12-18 16:21:58,536501,0.22903596,0.31323677,0.94624454
2022-12-18 16:21:59,537001,0.08948636,0.54546446,-0.5270156
2022-12-18 16:21:59,537501,0.18429491,0.19605777,-0.34805116
2022-12-18 16:22:00,538001,0.5305056,0.006440798,-1.1555213
2022-12-18 16:22:00,538502,0.74675435,0.32282424,-1.6508693
2022-12-18 16:22:01,539001,0.8341059,1.5734442,-1.2982666
2022-12-18 16:22:01,539501,0.4655246,-0.38238046,-0.45990387
2022-12-18 16:22:02,540001,0.8266491,0.97689635,-1.0138413
2022-12-18 16:22:02,540501,0.55607206,-0.4132732,-0.4428597
2022-12-18 16:22:03,541002,-0.1331537,-1.0481706,1.6333398
2022-12-18 16:22:03,541501,0.42610988,0.45704752,0.4391788
2022-12-18 16:22:04,542001,-0.45592862,-0.7871808,-0.9435338
2022-12-18 16:22:04,542501,0.36965087,0.14066409,-0.3874659
2022-12-18 16:22:05,543001,0.14488019,-1.3986424,0.080184825
2022-12-18 16:22:05,543502,0.36219394,0.42402428,0.5041599
2022-12-18 16:22:06,544001,0.5880299,0.7638435,-1.2535257
2022-12-18 16:22:06,544501,-0.04154097,-1.57015,0.90256864
2022-12-18 16:22:07,545002,-0.09160834,1.3028669,0.1600796
2022-12-18 16:22:07,545501,-0.79042166,-1.3570973,0.31454298
2022-12-18 16:22:08,546001,0.022374721,-0.96188414,-0.14991206
2022-12-18 16:22:08,546501,0.26205918,1.2464081,0.36141452
2022-12-18 16:22:09,547001,0.5486152,-0.40688154,-1.1193024
2022-12-18 16:22:09,547501,0.48256877,-1.3517709,0.42959148
2022-12-18 16:22:10,548002,-0.3302275,1.0205721,-0.7411337
2022-12-18 16:22:10,548501,-0.49214768,-0.85855347,-0.04551619
2022-12-18 16:22:11,549001,0.6562068,-0.2769194,0.7321265
2022-12-18 16:22:11,549501,-0.6988089,0.77662665,-0.8370074
2022-12-18 16:22:12,550002,-0.505996,-0.9331219,0.6373179
2022-12-18 16:22:12,550501,-0.19600421,0.7627783,-0.36403012
2022-12-18 16:22:13,551001,-0.75952893,0.48474428,-0.07001728
2022-12-18 16:22:13,551501,-0.3557939,0.98115736,-0.3001143
2022-12-18 16:22:14,552001,0.22477496,-1.9909292,0.2687366
2022-12-18 16:22:14,552502,-0.023431512,-0.46547106,-0.11369315
2022-12-18 16:22:15,553001,0.6689899,0.09911872,-0.104105696
2022-12-18 16:22:15,553501,0.66259843,0.5923361,-0.45883867
2022-12-18 16:22:16,554001,0.5422236,-0.6923724,-0.54299456
2022-12-18 16:22:16,554501,-0.42929703,-0.37172782,0.1558186
2022-12-18 16:22:17,555002,0.5880299,-0.10115076,0.12812169
2022-12-18 16:22:17,555501,-0.18215576,0.42082846,0.32945663
2022-12-18 16:22:18,556001,0.17364228,0.7808878,0.010942682
2022-12-18 16:22:18,556501,-0.2972044,0.16303454,-0.078539416
2022-12-18 16:22:19,557001,-0.0809557,-0.052148573,0.14090483
2022-12-18 16:22:19,557502,0.3526066,0.38247892,-0.13712892
2022-12-18 16:22:20,558001,0.16725065,-0.54856163,-0.5941273
2022-12-18 16:22:20,558501,0.16512014,-0.3067467,0.67247164
2022-12-18 16:22:21,559002,0.2641897,0.020289253,0.45728827
2022-12-18 16:22:21,559501,0.24714555,0.105510354,1.000573
2022-12-18 16:22:22,560001,0.33343184,1.0962058,-0.08173524
2022-12-18 16:22:22,560501,-0.006387239,0.99607116,-1.2279593
2022-12-18 16:22:23,561002,0.49428672,-0.118195035,-0.84766006
2022-12-18 16:22:23,561501,0.47404677,0.049051348,-0.9637738
2022-12-18 16:22:24,562001,0.802148,-0.31739932,-0.7560473
2022-12-18 16:22:24,562501,0.23436229,0.23334199,-0.7741569
2022-12-18 16:22:25,563001,0.4399582,-0.19915512,-0.69532734
2022-12-18 16:22:25,563502,0.20879601,-0.17145821,-0.6644346
2022-12-18 16:22:26,564001,0.1789686,0.2695609,-1.2822877
2022-12-18 16:22:26,564501,0.6860343,-0.43244797,-0.6346073
2022-12-18 16:22:27,565001,0.36112875,-0.11499921,-1.3046583
2022-12-18 16:22:27,565502,0.55287623,-0.32911727,-0.56110406
2022-12-18 16:22:28,566001,-0.12676206,-0.4761237,-0.61543256
2022-12-18 16:22:28,566501,0.17790328,0.052247163,-1.194936
2022-12-18 16:22:29,567001,0.25566757,-0.18637186,-0.3001143
2022-12-18 16:22:29,567501,0.8735208,1.064248,-0.9094454
2022-12-18 16:22:30,568001,0.34621498,-0.052148573,-0.944599
2022-12-18 16:22:30,568502,0.62105316,-0.014864343,-0.87216115
2022-12-18 16:22:31,569001,0.25779805,-0.30142036,-0.6037146
2022-12-18 16:22:31,569501,0.046875812,-1.0471053,-0.69319683
2022-12-18 16:22:32,570001,-0.32490116,-2.0644324,0.1643406
2022-12-18 16:22:32,570501,0.30999607,-0.07771498,0.9931161
2022-12-18 16:22:33,571001,0.14061905,1.0834227,-0.08280042
2022-12-18 16:22:33,571501,0.41865307,-0.27052778,-0.015688779
2022-12-18 16:22:34,572001,-0.5645856,-0.6124775,0.4668757
2022-12-18 16:22:34,572502,0.026635857,-0.28224573,-0.03486355
2022-12-18 16:22:35,573001,-1.009866,1.0184414,-0.76243895
2022-12-18 16:22:35,573501,0.33982348,0.08100926,-0.48120913
2022-12-18 16:22:36,574001,0.09907382,-0.5347132,-0.31715858
2022-12-18 16:22:36,574502,-0.022366194,-0.30248567,-0.25856906
2022-12-18 16:22:37,575001,-0.32277068,-0.48145002,-0.14352056
2022-12-18 16:22:37,575501,0.02024422,-0.034039117,0.041835275
2022-12-18 16:22:38,576001,-0.06284624,0.12255449,-0.19145742
2022-12-18 16:22:38,576502,0.2961476,0.7382772,-0.57069135
2022-12-18 16:22:39,577001,0.6679247,0.63601196,-0.3832049
2022-12-18 16:22:39,577501,0.7084048,-0.94910103,-1.0564518
2022-12-18 16:22:40,578001,0.36538973,-1.501973,1.0186825
2022-12-18 16:22:40,578502,-0.025562013,0.56996536,0.22186492
2022-12-18 16:22:41,579001,-0.40266544,-0.60608596,0.58938104
2022-12-18 16:22:41,579501,-0.018105194,1.1356206,-0.19465324
2022-12-18 16:22:42,580002,-0.2141138,0.39526218,-0.74965584
2022-12-18 16:22:42,580501,0.15766332,0.063964985,0.2996292
2022-12-18 16:22:43,581001,0.5773773,-0.40475106,0.041835275
2022-12-18 16:22:43,581502,-0.3600549,-0.13097817,0.2144081
2022-12-18 16:22:44,582001,0.43463188,-0.85642296,0.42639565
2022-12-18 16:22:44,582501,0.5187878,-0.36746684,0.8333265
2022-12-18 16:22:45,583001,0.96300286,-0.1970245,0.6224043
2022-12-18 16:22:45,583502,0.60720474,0.7041888,0.5041599
2022-12-18 16:22:46,584001,-0.3579244,0.3441295,0.28684607
2022-12-18 16:22:46,584501,-0.27802962,-0.19382867,0.64903575
2022-12-18 16:22:47,585001,0.42291406,1.9697223,-0.12541097
2022-12-18 16:22:47,585501,0.5230488,-0.8106166,-0.81996316
2022-12-18 16:22:48,586002,0.67857736,-0.3940984,-0.48120913
2022-12-18 16:22:48,586501,-0.3355538,-0.614608,0.78219384
2022-12-18 16:22:49,587001,0.531571,0.7148414,0.23677856
2022-12-18 16:22:49,587501,0.5475499,-0.6433702,-0.11795415
2022-12-18 16:22:50,588001,0.70094794,0.33241156,0.16114493
2022-12-18 16:22:50,588502,-0.5209098,0.341999,-0.44605553
2022-12-18 16:22:51,589001,0.42930558,0.30151895,-0.11049733
2022-12-18 16:22:51,589501,0.3483456,-0.25987512,0.030117456
2022-12-18 16:22:52,590002,-0.5241056,-0.23004772,0.08551114
2022-12-18 16:22:52,590501,-0.5773688,-0.79889876,0.07592369
2022-12-18 16:22:53,591001,-0.12037057,0.69140553,0.23784389
2022-12-18 16:22:53,591501,0.55394155,1.0205721,-0.50571036
2022-12-18 16:22:54,592002,0.88204277,-0.4494921,-0.15523838
2022-12-18 16:22:54,592501,0.59548676,-0.37918478,0.5584883
2022-12-18 16:22:55,593001,0.5219836,0.09911872,0.57766306
2022-12-18 16:22:55,593501,0.55287623,1.6884927,-0.0710826
2022-12-18 16:22:56,594001,-0.1938737,-0.49529848,-0.875357
2022-12-18 16:22:56,594502,-0.42823187,-1.1866549,0.080184825
2022-12-18 16:22:57,595001,0.30680025,-0.5443005,0.23464806
2022-12-18 16:22:57,595501,0.07563791,0.52948546,0.23038706
2022-12-18 16:22:58,596001,-0.28229064,0.21949354,0.29110706
2022-12-18 16:22:58,596502,0.14274955,0.5657045,-0.33633333
2022-12-18 16:22:59,597001,0.17470746,0.12681563,-0.26709107
2022-12-18 16:22:59,597501,0.039418995,0.22375467,-0.47907862
2022-12-18 16:23:00,598001,0.17257696,0.06609549,-0.58347464
2022-12-18 16:23:00,598501,0.35154128,-0.01806016,-0.5536472
2022-12-18 16:23:01,599002,0.4367625,-0.23111305,-0.7113063
2022-12-18 16:23:01,599501,0.67538154,-0.10328126,-0.5280808
2022-12-18 16:23:02,600001,-0.3302275,-0.96827567,-0.5472556
2022-12-18 16:23:02,600501,0.69349116,-0.18317617,-0.81357163
2022-12-18 16:23:03,601002,0.39521715,0.36436945,-0.40451017
2022-12-18 16:23:03,601501,0.6530111,0.49220112,-0.57388717
2022-12-18 16:23:04,602001,0.8298449,0.44746006,-0.13499843
2022-12-18 16:23:04,602501,0.46658993,-0.6252606,-0.50464505
2022-12-18 16:23:05,603001,-0.09054315,-0.9970379,0.5808589
2022-12-18 16:23:05,603502,0.09055168,-0.6795891,0.5222694
2022-12-18 16:23:06,604001,0.6530111,0.7649088,0.74064845
2022-12-18 16:23:06,604501,0.23116647,1.4967451,-0.80504954
2022-12-18 16:23:07,605001,-0.14274102,0.058638666,-0.59625775
2022-12-18 16:23:07,605501,0.62318367,0.019223936,-0.68574
2022-12-18 16:23:08,606002,0.12357478,-1.2388529,0.9792676
2022-12-18 16:23:08,606501,0.2418191,0.07035662,0.31880397
2022-12-18 16:23:09,607001,0.17044646,0.70525396,0.51055145
2022-12-18 16:23:09,607501,0.4921562,1.3742399,-0.78054845
2022-12-18 16:23:10,608002,0.25779805,-0.5197996,-0.49399242
2022-12-18 16:23:10,608501,-0.4111876,-1.4881246,0.38165447
2022-12-18 16:23:11,609001,-0.23754957,-0.8052903,0.67566735
2022-12-18 16:23:11,609501,0.39095616,1.1132501,-0.19252262
2022-12-18 16:23:12,610001,-0.34620646,0.22695036,-0.4897314
2022-12-18 16:23:12,610502,0.23862341,-1.4561667,-0.58986616
2022-12-18 16:23:13,611001,0.35047612,-0.36001,0.71401685
2022-12-18 16:23:13,611501,-0.006387239,1.3369557,0.21973443
2022-12-18 16:23:14,612001,-0.39094764,-0.30887732,-0.6196936
2022-12-18 16:23:14,612501,-0.15232848,-1.3421835,0.016269
2022-12-18 16:23:15,613002,0.64661944,0.39419687,0.51161677
2022-12-18 16:23:15,613501,-0.4399497,0.82669413,-0.27667853
2022-12-18 16:23:16,614001,-0.48256022,-0.4452311,0.095098466
2022-12-18 16:23:16,614501,0.082029544,0.2024494,-0.12434579
2022-12-18 16:23:17,615001,0.39628246,0.4868748,-0.28946167
2022-12-18 16:23:17,615502,0.10866114,0.15557772,-0.48333976
2022-12-18 16:23:18,616001,0.31638768,0.25251678,-0.69745785
2022-12-18 16:23:18,616501,0.2599287,0.059703983,-0.58880097
2022-12-18 16:23:19,617001,0.29934344,-0.40794674,-0.86896545
2022-12-18 16:23:19,617502,0.33343184,-0.26946247,-0.5824093
2022-12-18 16:23:20,618001,0.16085914,-0.039365437,-0.62288934
2022-12-18 16:23:20,618501,0.19068642,0.07781344,-0.6868052
2022-12-18 16:23:21,619001,-0.14700216,-0.32166046,-0.4907966
2022-12-18 16:23:21,619502,0.33236665,-0.64869654,-1.0873444
2022-12-18 16:23:22,620001,0.45593718,-0.81274706,0.14410065
2022-12-18 16:23:22,620501,-0.42290553,-0.57732373,1.0016383
2022-12-18 16:23:23,621001,0.02770104,0.97689635,-0.19891424
2022-12-18 16:23:23,621502,-0.45805913,-0.62313014,0.10681642
2022-12-18 16:23:24,622001,0.023440039,0.4336116,0.3539577
2022-12-18 16:23:24,622501,0.2982781,0.7127108,0.1078816
2022-12-18 16:23:25,623001,-0.10119579,0.576357,0.14729646
2022-12-18 16:23:25,623501,-0.48256022,0.041594528,0.04077009
2022-12-18 16:23:26,624002,-0.5336929,0.459178,0.1579491
2022-12-18 16:23:26,624501,0.33875814,0.54226863,0.005616363
2022-12-18 16:23:27,625001,0.30360442,1.0099196,-0.018884595
2022-12-18 16:23:27,625501,-0.23328857,0.32175893,-0.3182239
2022-12-18 16:23:28,626001,-0.11610943,-0.1640014,-0.53234196
2022-12-18 16:23:28,626502,0.20133905,-0.25987512,-0.57175666
2022-12-18 16:23:29,627001,0.47724256,0.24932095,-0.7965274
2022-12-18 16:23:29,627501,0.6998826,0.018158618,-0.5642999
2022-12-18 16:23:30,628001,0.3131919,-0.25987512,-0.22448066
2022-12-18 16:23:30,628501,0.28016865,0.1459904,-1.0095801
2022-12-18 16:23:31,629002,0.7680596,-0.010603341,-0.45883867
2022-12-18 16:23:31,629501,0.8479544,-0.13097817,-0.7858747
2022-12-18 16:23:32,630001,0.16405483,-1.3730761,0.30815133
2022-12-18 16:23:32,630501,0.24821074,-0.52619106,0.6234695
2022-12-18 16:23:33,631001,0.0937475,0.19818828,0.39976406
2022-12-18 16:23:33,631501,0.15872851,1.5787704,-0.6740221
2022-12-18 16:23:34,632002,0.8096048,-0.12884767,-0.18719628
2022-12-18 16:23:34,632501,-0.64874154,-0.8233997,0.04077009
2022-12-18 16:23:35,633001,-0.45060232,-0.45801425,0.12066487
2022-12-18 16:23:35,633501,0.22370964,-0.24496137,-0.24898161
2022-12-18 16:23:36,634001,-0.11184843,0.5337465,0.42106935
2022-12-18 16:23:36,634502,0.25460237,0.18753563,0.29217237
2022-12-18 16:23:37,635001,0.32490984,0.10337985,1.185929
2022-12-18 16:23:37,635501,-0.025562013,0.3089758,-0.09025737
2022-12-18 16:23:38,636001,-0.2407454,-0.26626676,-0.97975284
2022-12-18 16:23:38,636502,-0.15232848,0.17368717,0.057814233
2022-12-18 16:23:39,637001,0.06072427,0.15131672,-0.19997956
2022-12-18 16:23:39,637501,-0.0830862,0.39526218,-0.5472556
2022-12-18 16:23:40,638001,-0.43249285,-0.5048858,-0.6612389
2022-12-18 16:23:40,638502,0.4846994,0.049051348,-0.73367685
2022-12-18 16:23:41,639001,0.5432889,0.03626821,-1.0894749
2022-12-18 16:23:41,639501,0.6008131,-0.26200563,-0.58347464
2022-12-18 16:23:42,640001,-0.27376848,-0.21619926,-0.78161377
2022-12-18 16:23:42,640501,-0.2183748,-1.7256784,-0.14352056
2022-12-18 16:23:43,641001,0.9949608,-0.42073,-0.3885312
2022-12-18 16:23:43,641502,-0.54114985,-0.18530667,-0.44712073
2022-12-18 16:23:44,642001,0.25247175,-1.1142169,0.7736717
2022-12-18 16:23:44,642501,0.5752468,1.1121849,0.019464685
2022-12-18 16:23:45,643001,0.69881743,1.2368208,-0.23406798
2022-12-18 16:23:45,643501,-0.28335595,-0.27265826,-0.7858747
2022-12-18 16:23:46,644002,0.7659291,0.874631,-0.12008465
2022-12-18 16:23:46,644501,0.5251793,-0.8851852,0.8631538
2022-12-18 16:23:47,645001,-0.4463413,-1.6361963,0.9281349
2022-12-18 16:23:47,645501,0.5486152,1.3103241,-1.2950709
2022-12-18 16:23:48,646001,-0.41225278,-0.39942473,0.8184127
2022-12-18 16:23:48,646502,-0.68283,1.0045931,0.15368797
2022-12-18 16:23:49,647001,-0.73715836,0.70738465,-0.07960474
2022-12-18 16:23:49,647501,0.49641734,0.5103107,-0.13073729
2022-12-18 16:23:50,648001,-0.056454606,0.074617624,0.030117456
2022-12-18 16:23:50,648501,0.56672466,1.0056585,-0.18400061
2022-12-18 16:23:51,649002,0.94915444,0.69034034,-0.76137364
2022-12-18 16:23:51,649501,0.4846994,-0.45375323,0.56381464
2022-12-18 16:23:52,650001,0.13742323,0.5124412,0.29217237
2022-12-18 16:23:52,650501,0.3408888,-0.32911727,0.08551114
2022-12-18 16:23:53,651002,0.7222532,1.2783659,0.39443776
2022-12-18 16:23:53,651501,0.53689724,0.4900706,-0.6612389
2022-12-18 16:23:54,652001,-0.18215576,-0.10434657,0.15049228
2022-12-18 16:23:54,652501,0.28869078,-0.85003144,0.81095594
2022-12-18 16:23:55,653001,0.624249,1.2911491,-0.7954621
2022-12-18 16:23:55,653502,0.34301928,-0.2492225,0.16966692
2022-12-18 16:23:56,654001,0.50174356,0.7958014,0.36567554
2022-12-18 16:23:56,654501,0.31532237,0.5752918,-0.37787858
2022-12-18 16:23:57,655001,0.39628246,0.3238894,-0.62501985
2022-12-18 16:23:57,655502,0.5752468,0.08313976,-0.7113063
2022-12-18 16:23:58,656001,0.2684507,-0.20980777,-0.4897314
2022-12-18 16:23:58,656501,0.64874995,0.22055887,-0.64099884
2022-12-18 16:23:59,657001,0.48043826,-0.68811125,-0.37255225
2022-12-18 16:23:59,657502,0.4356972,0.2088409,-0.69639254
2022-12-18 16:24:00,658001,0.21412233,-0.06706235,-0.53447247
2022-12-18 16:24:00,658501,0.8032133,-0.51127744,-0.7933317
2022-12-18 16:24:01,659001,0.029831542,-0.8116819,0.11001223
2022-12-18 16:24:01,659501,-0.031953648,-0.20022032,0.3315871
2022-12-18 16:24:02,660002,0.082029544,0.16303454,0.3315871
2022-12-18 16:24:02,660501,0.13209692,0.47302645,-0.35763863
2022-12-18 16:24:03,661001,0.013852585,0.09166189,-0.58880097
2022-12-18 16:24:03,661501,0.07883373,-0.68065447,0.08657633
2022-12-18 16:24:04,662001,0.08948636,-0.15547927,0.06314055
2022-12-18 16:24:04,662502,-0.11078311,0.20777573,-0.006101458
2022-12-18 16:24:05,663001,-0.28868225,-0.26946247,-0.2170237
2022-12-18 16:24:05,663501,-0.22476643,-0.13417399,-0.089192055
2022-12-18 16:24:06,664001,0.041549496,-0.1661319,-0.039124686
2022-12-18 16:24:06,664502,0.13316223,0.11829349,0.078054324
2022-12-18 16:24:07,665001,0.022374721,0.14492509,-0.04764669
2022-12-18 16:24:07,665501,-0.23648426,-0.23430872,0.0024205453
2022-12-18 16:24:08,666001,-0.3920128,-0.12671717,0.25595334
2022-12-18 16:24:08,666501,0.003199948,-0.06067071,0.17925438
2022-12-18 16:24:09,667002,-0.006387239,0.08633558,0.037574276
2022-12-18 16:24:09,667501,0.100139,0.096988216,-0.09025737
